time, temp
18:52b, (22.812,73.0616)
18:52a, (22.0,71.6)
18:53b, (22.812,73.0616)
18:53a, (21.937,71.6)
18:54b, (22.812,73.0616)
18:54a, (21.875,71.48660000000001)
18:55b, (22.75,72.95)
18:55a, (21.812,71.375)
18:56b, (22.812,73.0616)
18:56a, (21.875,71.48660000000001)
18:57b, (22.75,73.0616)
18:57a, (21.937,71.6)
18:58b, (22.75,73.0616)
18:58a, (22.062,71.7116)
18:59b, (22.75,73.0616)
18:59a, (22.062,71.7116)
19:0b, (22.812,73.0616)
19:0a, (22.0,71.7116)
19:1b, (22.812,73.0616)
19:1a, (21.937,71.6)
19:2b, (22.812,73.175)
19:2a, (21.875,71.375)
19:3b, (22.812,73.0616)
19:3a, (21.75,71.15)
19:5b, (22.812,73.0616)
19:5a, (21.687,71.15)
19:6b, (22.75,72.95)
19:6a, (21.625,71.0366)
19:7b, (22.687,72.95)
19:7a, (21.562,70.8116)
19:8b, (22.687,72.8366)
19:8a, (21.5,70.8116)
19:9b, (22.625,72.8366)
19:9a, (21.5,70.7)
19:10b, (22.562,72.725)
19:10a, (21.375,70.5866)
19:11b, (22.562,72.725)
19:11a, (21.312,70.36160000000001)
19:12b, (22.5,72.5)
19:12a, (21.25,70.36160000000001)
19:13b, (22.5,72.5)
19:13a, (21.187,70.25)
19:14b, (22.437,72.5)
19:14a, (21.125,70.025)
19:15b, (22.437,72.3866)
19:15a, (21.062,70.025)
19:16b, (22.375,72.3866)
19:16a, (21.0,69.9116)
19:17b, (22.375,72.3866)
19:17a, (21.062,69.9116)
19:18b, (22.375,72.3866)
19:18a, (21.125,70.025)
19:19b, (22.437,72.3866)
19:19a, (21.062,70.025)
19:20b, (22.437,72.3866)
19:20a, (21.187,70.1366)
19:21b, (22.437,72.5)
19:21a, (21.375,70.475)
19:23b, (22.437,72.5)
19:23a, (21.375,70.475)
19:24b, (22.5,72.5)
19:24a, (21.312,70.475)
19:25b, (22.5,72.61160000000001)
19:25a, (21.25,70.36160000000001)
19:26b, (22.5,72.61160000000001)
19:26a, (21.187,70.25)
19:27b, (22.5,72.61160000000001)
19:27a, (21.125,70.025)
19:28b, (22.5,72.61160000000001)
19:28a, (21.0,69.9116)
19:29b, (22.437,72.3866)
19:29a, (20.937,69.6866)
19:30b, (22.375,72.3866)
19:30a, (20.875,69.575)
19:31b, (22.312,72.275)
19:31a, (20.812,69.4616)
19:32b, (22.312,72.1616)
19:32a, (20.75,69.35)
19:33b, (22.25,72.1616)
19:33a, (20.75,69.4616)
19:34b, (22.25,72.05)
19:34a, (20.75,69.35)
19:35b, (22.25,72.05)
19:35a, (20.75,69.35)
19:36b, (22.187,72.05)
19:36a, (20.625,69.23660000000001)
19:37b, (22.187,72.05)
19:37a, (20.687,69.35)
19:38b, (22.187,72.05)
19:38a, (20.75,69.35)
19:40b, (22.25,72.05)
19:40a, (20.812,69.4616)
19:41b, (22.25,72.05)
19:41a, (20.875,69.6866)
19:42b, (22.25,72.05)
19:42a, (20.875,69.6866)
19:43b, (22.25,72.1616)
19:43a, (20.875,69.6866)
19:44b, (22.312,72.1616)
19:44a, (20.875,69.575)
19:45b, (22.375,72.275)
19:45a, (20.75,69.4616)
19:46b, (22.312,72.275)
19:46a, (20.625,69.23660000000001)
19:47b, (22.312,72.1616)
19:47a, (20.625,69.125)
19:48b, (22.187,72.05)
19:48a, (20.5,69.0116)
19:49b, (22.25,72.05)
19:49a, (20.437,68.9)
19:50b, (22.187,71.9366)
19:50a, (20.437,68.9)
19:51b, (22.125,71.9366)
19:51a, (20.437,68.9)
19:52b, (22.125,71.825)
19:52a, (20.437,68.9)
19:53b, (22.062,71.7116)
19:53a, (20.375,68.7866)
19:54b, (22.062,71.7116)
19:54a, (20.312,68.675)
19:55b, (22.062,71.7116)
19:55a, (20.437,68.7866)
19:56b, (22.062,71.7116)
19:56a, (20.5,69.0116)
19:58b, (22.062,71.825)
19:58a, (20.625,69.125)
19:59b, (22.125,71.825)
19:59a, (20.75,69.35)
20:0b, (22.125,71.825)
20:0a, (20.75,69.35)
20:1b, (22.125,71.9366)
20:1a, (20.75,69.35)
20:2b, (22.25,72.05)
20:2a, (20.687,69.35)
20:3b, (22.187,72.05)
20:3a, (20.687,69.23660000000001)
20:4b, (22.187,71.9366)
20:4a, (20.625,69.125)
20:5b, (22.125,71.9366)
20:5a, (20.562,69.0116)
20:6b, (22.125,71.825)
20:6a, (20.5,68.9)
20:7b, (22.062,71.825)
20:7a, (20.437,68.9)
20:8b, (22.0,71.7116)
20:8a, (20.375,68.7866)
20:9b, (22.0,71.7116)
20:9a, (20.437,68.7866)
20:10b, (22.0,71.6)
20:10a, (20.375,68.675)
20:11b, (21.937,71.6)
20:11a, (20.312,68.5616)
20:12b, (21.937,71.6)
20:12a, (20.312,68.675)
20:13b, (21.937,71.6)
20:13a, (20.375,68.675)
20:14b, (21.937,71.48660000000001)
20:14a, (20.437,68.7866)
20:16b, (21.937,71.6)
20:16a, (20.562,69.125)
20:17b, (22.0,71.6)
20:17a, (20.687,69.23660000000001)
20:18b, (22.0,71.6)
20:18a, (20.625,69.125)
20:19b, (22.062,71.7116)
20:19a, (20.625,69.23660000000001)
20:20b, (22.125,71.9366)
20:20a, (20.562,69.0116)
20:21b, (22.125,71.9366)
20:21a, (20.437,68.7866)
20:22b, (22.125,71.825)
20:22a, (20.375,68.675)
20:23b, (22.125,71.7116)
20:23a, (20.375,68.675)
20:24b, (22.0,71.7116)
20:24a, (20.312,68.675)
20:25b, (22.0,71.7116)
20:25a, (20.25,68.5616)
20:26b, (21.937,71.6)
20:26a, (20.25,68.5616)
20:27b, (21.937,71.6)
20:27a, (20.25,68.45)
20:28b, (21.937,71.48660000000001)
20:28a, (20.25,68.45)
20:29b, (21.875,71.375)
20:29a, (20.187,68.45)
20:30b, (21.875,71.48660000000001)
20:30a, (20.25,68.45)
20:31b, (21.875,71.48660000000001)
20:31a, (20.25,68.45)
20:33b, (21.875,71.48660000000001)
20:33a, (20.437,68.7866)
20:34b, (21.937,71.48660000000001)
20:34a, (20.687,69.23660000000001)
20:35b, (21.937,71.48660000000001)
20:35a, (20.562,69.125)
20:36b, (21.937,71.48660000000001)
20:36a, (20.625,69.125)
20:37b, (21.937,71.48660000000001)
20:37a, (20.625,69.125)
20:38b, (21.937,71.48660000000001)
20:38a, (20.625,69.23660000000001)
20:39b, (22.0,71.6)
20:39a, (20.625,69.23660000000001)
20:40b, (22.062,71.7116)
20:40a, (20.562,69.125)
20:41b, (22.062,71.7116)
20:41a, (20.5,69.0116)
20:42b, (22.062,71.7116)
20:42a, (20.437,68.7866)
20:43b, (22.062,71.7116)
20:43a, (20.375,68.675)
20:44b, (22.0,71.6)
20:44a, (20.312,68.675)
20:45b, (21.937,71.6)
20:45a, (20.25,68.5616)
20:46b, (21.937,71.48660000000001)
20:46a, (20.25,68.5616)
20:47b, (21.875,71.48660000000001)
20:47a, (20.187,68.3366)
20:48b, (21.875,71.375)
20:48a, (20.187,68.45)
20:49b, (21.875,71.375)
20:49a, (20.187,68.45)
20:51b, (21.875,71.375)
20:51a, (20.25,68.45)
20:52b, (21.812,71.375)
20:52a, (20.25,68.45)
20:53b, (21.875,71.48660000000001)
20:53a, (20.375,68.675)
20:54b, (21.937,71.48660000000001)
20:54a, (20.437,68.7866)
20:55b, (21.875,71.48660000000001)
20:55a, (20.625,69.125)
20:56b, (21.875,71.375)
20:56a, (20.562,69.0116)
20:57b, (21.937,71.48660000000001)
20:57a, (20.562,69.0116)
20:58b, (22.0,71.7116)
20:58a, (20.437,68.9)
20:59b, (22.062,71.7116)
20:59a, (20.375,68.7866)
21:0b, (22.0,71.6)
21:0a, (20.375,68.675)
21:1b, (21.937,71.6)
21:1a, (20.375,68.675)
21:2b, (21.937,71.48660000000001)
21:2a, (20.25,68.45)
21:3b, (21.937,71.48660000000001)
21:3a, (20.25,68.45)
21:4b, (21.875,71.375)
21:4a, (20.187,68.3366)
21:5b, (21.812,71.2616)
21:5a, (20.125,68.225)
21:6b, (21.812,71.2616)
21:6a, (20.062,68.225)
21:7b, (21.75,71.2616)
21:7a, (20.062,68.225)
21:9b, (21.75,71.2616)
21:9a, (20.187,68.3366)
21:10b, (21.75,71.2616)
21:10a, (20.25,68.45)
21:11b, (21.75,71.2616)
21:11a, (20.375,68.7866)
21:12b, (21.812,71.2616)
21:12a, (20.562,69.125)
21:13b, (21.812,71.2616)
21:13a, (20.5,69.0116)
21:14b, (21.812,71.2616)
21:14a, (20.5,68.9)
21:15b, (21.812,71.2616)
21:15a, (20.562,69.0116)
21:16b, (21.812,71.375)
21:16a, (20.562,69.0116)
21:17b, (21.937,71.6)
21:17a, (20.5,68.9)
21:18b, (22.0,71.6)
21:18a, (20.375,68.675)
21:19b, (22.0,71.6)
21:19a, (20.312,68.675)
21:20b, (21.937,71.48660000000001)
21:20a, (20.312,68.5616)
21:21b, (21.875,71.48660000000001)
21:21a, (20.25,68.45)
21:22b, (21.875,71.48660000000001)
21:22a, (20.25,68.45)
21:23b, (21.875,71.375)
21:23a, (20.187,68.3366)
21:24b, (21.812,71.375)
21:24a, (20.062,68.225)
21:26b, (21.812,71.2616)
21:26a, (20.062,68.225)
21:27b, (21.75,71.2616)
21:27a, (20.062,68.11160000000001)
21:28b, (21.75,71.15)
21:28a, (20.062,68.11160000000001)
21:29b, (21.75,71.15)
21:29a, (20.062,68.11160000000001)
21:30b, (21.75,71.2616)
21:30a, (20.125,68.225)
21:31b, (21.75,71.15)
21:31a, (20.25,68.45)
21:32b, (21.75,71.2616)
21:32a, (20.375,68.675)
21:33b, (21.812,71.2616)
21:33a, (20.312,68.5616)
21:34b, (21.812,71.2616)
21:34a, (20.312,68.5616)
21:35b, (21.875,71.375)
21:35a, (20.312,68.5616)
21:36b, (21.875,71.48660000000001)
21:36a, (20.187,68.3366)
21:37b, (21.875,71.375)
21:37a, (20.125,68.3366)
21:38b, (21.812,71.375)
21:38a, (20.062,68.11160000000001)
21:39b, (21.812,71.2616)
21:39a, (20.062,68.11160000000001)
21:40b, (21.75,71.15)
21:40a, (19.937,68.0)
21:41b, (21.75,71.15)
21:41a, (19.937,67.8866)
21:42b, (21.687,71.15)
21:42a, (19.875,67.8866)
21:44b, (21.687,71.0366)
21:44a, (19.875,67.775)
21:45b, (21.687,71.0366)
21:45a, (20.0,68.0)
21:46b, (21.687,71.0366)
21:46a, (19.937,67.8866)
21:47b, (21.75,71.15)
21:47a, (20.125,68.225)
21:48b, (21.812,71.15)
21:48a, (20.312,68.675)
21:49b, (21.75,71.15)
21:49a, (20.5,68.9)
21:50b, (21.75,71.15)
21:50a, (20.437,68.9)
21:51b, (21.687,71.15)
21:51a, (20.437,68.7866)
21:52b, (21.75,71.15)
21:52a, (20.437,68.7866)
21:53b, (21.875,71.375)
21:53a, (20.375,68.675)
21:54b, (21.875,71.48660000000001)
21:54a, (20.312,68.5616)
21:55b, (21.875,71.48660000000001)
21:55a, (20.187,68.3366)
21:56b, (21.875,71.48660000000001)
21:56a, (20.187,68.11160000000001)
21:57b, (21.812,71.375)
21:57a, (20.0,68.0)
21:58b, (21.812,71.2616)
21:58a, (19.937,67.8866)
21:59b, (21.812,71.2616)
21:59a, (19.937,67.8866)
22:1b, (21.75,71.2616)
22:1a, (19.937,67.8866)
22:2b, (21.687,71.15)
22:2a, (19.875,67.775)
22:3b, (21.75,71.15)
22:3a, (19.812,67.775)
22:4b, (21.687,71.0366)
22:4a, (19.812,67.6616)
22:5b, (21.687,71.0366)
22:5a, (19.875,67.775)
22:6b, (21.687,71.0366)
22:6a, (19.875,67.775)
22:7b, (21.687,71.0366)
22:7a, (19.937,68.0)
22:8b, (21.687,71.15)
22:8a, (20.125,68.225)
22:9b, (21.687,71.15)
22:9a, (20.25,68.45)
22:10b, (21.687,71.0366)
22:10a, (20.25,68.45)
22:11b, (21.687,71.15)
22:11a, (20.187,68.3366)
22:12b, (21.875,71.375)
22:12a, (20.125,68.225)
22:13b, (21.812,71.2616)
22:13a, (20.062,68.11160000000001)
22:14b, (21.812,71.2616)
22:14a, (20.0,68.0)
22:15b, (21.75,71.2616)
22:15a, (20.0,68.0)
22:16b, (21.75,71.15)
22:16a, (19.875,67.775)
22:17b, (21.687,71.15)
22:17a, (19.812,67.6616)
22:19b, (21.687,71.15)
22:19a, (19.75,67.6616)
22:20b, (21.687,71.0366)
22:20a, (19.75,67.55)
22:21b, (21.625,70.925)
22:21a, (19.75,67.55)
22:22b, (21.625,70.925)
22:22a, (19.812,67.6616)
22:23b, (21.625,71.0366)
22:23a, (19.812,67.6616)
22:24b, (21.687,70.925)
22:24a, (19.875,67.8866)
22:25b, (21.625,71.0366)
22:25a, (20.125,68.225)
22:26b, (21.625,71.0366)
22:26a, (20.25,68.45)
22:27b, (21.625,71.0366)
22:27a, (20.312,68.5616)
22:28b, (21.625,70.925)
22:28a, (20.25,68.5616)
22:29b, (21.687,71.0366)
22:29a, (20.25,68.5616)
22:30b, (21.75,71.2616)
22:30a, (20.187,68.45)
22:31b, (21.75,71.15)
22:31a, (20.187,68.45)
22:32b, (21.812,71.2616)
22:32a, (20.062,68.11160000000001)
22:33b, (21.812,71.2616)
22:33a, (20.0,68.0)
22:34b, (21.75,71.15)
22:34a, (19.875,67.8866)
22:35b, (21.687,71.15)
22:35a, (19.875,67.775)
22:37b, (21.687,71.0366)
22:37a, (19.812,67.775)
22:38b, (21.625,70.925)
22:38a, (19.75,67.55)
22:39b, (21.625,70.925)
22:39a, (19.75,67.6616)
22:40b, (21.625,71.0366)
22:40a, (19.812,67.6616)
22:41b, (21.625,70.925)
22:41a, (19.812,67.6616)
22:42b, (21.562,70.925)
22:42a, (19.75,67.6616)
22:43b, (21.562,70.8116)
22:43a, (19.875,67.775)
22:44b, (21.625,70.925)
22:44a, (20.0,68.0)
22:45b, (21.625,70.925)
22:45a, (20.125,68.3366)
22:46b, (21.625,70.925)
22:46a, (20.125,68.225)
22:47b, (21.625,71.0366)
22:47a, (20.125,68.225)
22:48b, (21.75,71.15)
22:48a, (20.125,68.11160000000001)
22:49b, (21.812,71.2616)
22:49a, (19.937,67.8866)
22:50b, (21.812,71.15)
22:50a, (19.875,67.775)
22:51b, (21.687,71.15)
22:51a, (19.812,67.775)
22:52b, (21.687,71.15)
22:52a, (19.75,67.6616)
22:53b, (21.687,71.0366)
22:53a, (19.75,67.6616)
22:55b, (21.625,71.0366)
22:55a, (19.75,67.55)
22:56b, (21.562,70.925)
22:56a, (19.687,67.55)
22:57b, (21.562,70.8116)
22:57a, (19.687,67.4366)
22:58b, (21.562,70.8116)
22:58a, (19.75,67.55)
22:59b, (21.562,70.925)
22:59a, (19.75,67.55)
23:0b, (21.562,70.925)
23:0a, (20.0,68.0)
23:1b, (21.625,70.925)
23:1a, (20.187,68.3366)
23:2b, (21.625,70.925)
23:2a, (20.187,68.45)
23:3b, (21.562,70.925)
23:3a, (20.187,68.3366)
23:4b, (21.625,70.925)
23:4a, (20.25,68.45)
23:5b, (21.687,71.15)
23:5a, (20.187,68.45)
23:6b, (21.75,71.2616)
23:6a, (20.125,68.225)
23:7b, (21.75,71.15)
23:7a, (20.062,68.11160000000001)
23:8b, (21.75,71.15)
23:8a, (19.937,67.8866)
23:9b, (21.75,71.15)
23:9a, (19.812,67.775)
23:10b, (21.687,71.0366)
23:10a, (19.75,67.55)
23:12b, (21.687,71.0366)
23:12a, (19.75,67.55)
23:13b, (21.625,70.925)
23:13a, (19.75,67.55)
23:14b, (21.625,70.925)
23:14a, (19.75,67.55)
23:15b, (21.562,70.8116)
23:15a, (19.687,67.4366)
23:16b, (21.562,70.925)
23:16a, (19.687,67.4366)
23:17b, (21.562,70.8116)
23:17a, (19.687,67.4366)
23:18b, (21.562,70.8116)
23:18a, (19.75,67.55)
23:19b, (21.562,70.8116)
23:19a, (19.875,67.8866)
23:20b, (21.562,70.8116)
23:20a, (20.062,68.225)
23:21b, (21.5,70.8116)
23:21a, (20.125,68.225)
23:22b, (21.562,70.8116)
23:22a, (20.062,68.225)
23:23b, (21.562,70.8116)
23:23a, (20.062,68.11160000000001)
23:24b, (21.562,70.8116)
23:24a, (20.125,68.225)
23:25b, (21.625,70.925)
23:25a, (20.062,68.11160000000001)
23:26b, (21.687,71.15)
23:26a, (19.937,67.8866)
23:27b, (21.687,71.15)
23:27a, (19.937,67.775)
23:28b, (21.687,71.0366)
23:28a, (19.75,67.6616)
23:30b, (21.687,71.0366)
23:30a, (19.687,67.55)
23:31b, (21.687,71.0366)
23:31a, (19.625,67.4366)
23:32b, (21.625,70.925)
23:32a, (19.687,67.4366)
23:33b, (21.562,70.925)
23:33a, (19.625,67.4366)
23:34b, (21.562,70.8116)
23:34a, (19.625,67.325)
23:35b, (21.5,70.8116)
23:35a, (19.625,67.4366)
23:36b, (21.5,70.8116)
23:36a, (19.625,67.4366)
23:37b, (21.562,70.8116)
23:37a, (19.625,67.4366)
23:38b, (21.562,70.8116)
23:38a, (19.812,67.6616)
23:39b, (21.5,70.8116)
23:39a, (19.937,68.0)
23:40b, (21.562,70.8116)
23:40a, (20.0,68.11160000000001)
23:41b, (21.562,70.8116)
23:41a, (20.0,68.11160000000001)
23:42b, (21.562,70.8116)
23:42a, (20.125,68.225)
23:43b, (21.625,70.925)
23:43a, (20.062,68.11160000000001)
23:44b, (21.687,71.15)
23:44a, (19.937,68.0)
23:45b, (21.687,71.15)
23:45a, (19.875,67.8866)
23:46b, (21.687,71.15)
23:46a, (19.75,67.6616)
23:48b, (21.625,71.0366)
23:48a, (19.687,67.55)
23:49b, (21.625,71.0366)
23:49a, (19.625,67.4366)
23:50b, (21.687,70.925)
23:50a, (19.625,67.325)
23:51b, (21.562,70.8116)
23:51a, (19.562,67.2116)
23:52b, (21.562,70.8116)
23:52a, (19.562,67.2116)
23:53b, (21.5,70.8116)
23:53a, (19.5,67.2116)
23:54b, (21.5,70.7)
23:54a, (19.562,67.325)
23:55b, (21.5,70.7)
23:55a, (19.562,67.325)
23:56b, (21.5,70.8116)
23:56a, (19.687,67.4366)
23:57b, (21.5,70.7)
23:57a, (19.875,67.775)
23:58b, (21.5,70.7)
23:58a, (20.062,68.11160000000001)
23:59b, (21.5,70.7)
23:59a, (20.0,68.0)
0:0b, (21.5,70.7)
0:0a, (19.937,68.0)
0:1b, (21.5,70.8116)
0:1a, (20.0,68.0)
0:2b, (21.562,70.8116)
0:2a, (20.0,68.11160000000001)
0:3b, (21.625,70.925)
0:3a, (20.0,68.0)
0:5b, (21.687,71.0366)
0:5a, (19.875,67.8866)
0:6b, (21.687,71.0366)
0:6a, (19.812,67.6616)
0:7b, (21.625,71.0366)
0:7a, (19.75,67.55)
0:8b, (21.625,70.925)
0:8a, (19.625,67.4366)
0:9b, (21.562,70.925)
0:9a, (19.625,67.325)
0:10b, (21.562,70.8116)
0:10a, (19.562,67.2116)
0:11b, (21.5,70.8116)
0:11a, (19.625,67.325)
0:12b, (21.562,70.8116)
0:12a, (19.562,67.325)
0:13b, (21.5,70.7)
0:13a, (19.625,67.325)
0:14b, (21.5,70.7)
0:14a, (19.625,67.4366)
0:15b, (21.5,70.7)
0:15a, (19.687,67.55)
0:16b, (21.5,70.7)
0:16a, (19.875,67.775)
0:17b, (21.5,70.7)
0:17a, (20.062,68.11160000000001)
0:18b, (21.5,70.8116)
0:18a, (20.125,68.3366)
0:19b, (21.5,70.8116)
0:19a, (20.062,68.11160000000001)
0:20b, (21.5,70.8116)
0:20a, (20.187,68.3366)
0:21b, (21.562,70.8116)
0:21a, (20.125,68.3366)
0:23b, (21.625,70.925)
0:23a, (20.125,68.225)
0:24b, (21.687,71.0366)
0:24a, (20.0,68.0)
0:25b, (21.687,71.0366)
0:25a, (19.875,67.8866)
0:26b, (21.687,71.0366)
0:26a, (19.812,67.775)
0:27b, (21.625,71.0366)
0:27a, (19.75,67.6616)
0:28b, (21.625,70.925)
0:28a, (19.687,67.55)
0:29b, (21.625,70.925)
0:29a, (19.625,67.4366)
0:30b, (21.562,70.925)
0:30a, (19.687,67.4366)
0:31b, (21.5,70.8116)
0:31a, (19.625,67.325)
0:32b, (21.5,70.8116)
0:32a, (19.562,67.325)
0:33b, (21.5,70.7)
0:33a, (19.687,67.4366)
0:34b, (21.5,70.7)
0:34a, (19.625,67.4366)
0:35b, (21.5,70.7)
0:35a, (19.812,67.775)
0:36b, (21.5,70.8116)
0:36a, (19.937,68.0)
0:37b, (21.5,70.8116)
0:37a, (20.062,68.11160000000001)
0:38b, (21.5,70.8116)
0:38a, (20.0,68.0)
0:39b, (21.5,70.8116)
0:39a, (20.0,68.0)
0:41b, (21.5,70.8116)
0:41a, (20.062,68.11160000000001)
0:42b, (21.562,70.8116)
0:42a, (20.062,68.11160000000001)
0:43b, (21.625,71.0366)
0:43a, (20.0,68.0)
0:44b, (21.687,71.15)
0:44a, (19.875,67.775)
0:45b, (21.687,71.0366)
0:45a, (19.875,67.775)
0:46b, (21.625,71.0366)
0:46a, (19.75,67.6616)
0:47b, (21.625,70.925)
0:47a, (19.75,67.55)
0:48b, (21.562,70.925)
0:48a, (19.75,67.55)
0:49b, (21.625,70.8116)
0:49a, (19.625,67.325)
0:50b, (21.562,70.8116)
0:50a, (19.562,67.2116)
0:51b, (21.562,70.8116)
0:51a, (19.5,67.2116)
0:52b, (21.562,70.8116)
0:52a, (19.562,67.325)
0:53b, (21.5,70.8116)
0:53a, (19.625,67.4366)
0:54b, (21.5,70.8116)
0:54a, (19.75,67.6616)
0:55b, (21.562,70.8116)
0:55a, (20.062,68.11160000000001)
0:56b, (21.5,70.8116)
0:56a, (20.125,68.225)
0:58b, (21.5,70.7)
0:58a, (20.0,68.11160000000001)
0:59b, (21.5,70.7)
0:59a, (20.062,68.11160000000001)
1:0b, (21.5,70.8116)
1:0a, (20.125,68.225)
1:1b, (21.562,70.8116)
1:1a, (20.062,68.225)
1:2b, (21.562,70.925)
1:2a, (19.937,67.8866)
1:3b, (21.625,70.925)
1:3a, (19.875,67.775)
1:4b, (21.625,70.925)
1:4a, (19.75,67.55)
1:5b, (21.625,70.925)
1:5a, (19.687,67.55)
1:6b, (21.562,70.925)
1:6a, (19.687,67.4366)
1:7b, (21.562,70.925)
1:7a, (19.687,67.4366)
1:8b, (21.562,70.8116)
1:8a, (19.687,67.4366)
1:9b, (21.5,70.7)
1:9a, (19.625,67.4366)
1:10b, (21.5,70.7)
1:10a, (19.625,67.325)
1:11b, (21.5,70.7)
1:11a, (19.625,67.4366)
1:12b, (21.5,70.7)
1:12a, (19.625,67.4366)
1:13b, (21.5,70.7)
1:13a, (19.812,67.6616)
1:14b, (21.5,70.7)
1:14a, (19.937,67.8866)
1:16b, (21.5,70.7)
1:16a, (20.0,68.11160000000001)
1:17b, (21.5,70.7)
1:17a, (20.062,68.11160000000001)
1:18b, (21.5,70.7)
1:18a, (20.125,68.225)
1:19b, (21.562,70.8116)
1:19a, (20.0,68.11160000000001)
1:20b, (21.562,70.8116)
1:20a, (19.937,67.8866)
1:21b, (21.562,70.8116)
1:21a, (19.812,67.6616)
1:22b, (21.562,70.8116)
1:22a, (19.75,67.55)
1:23b, (21.562,70.8116)
1:23a, (19.687,67.4366)
1:24b, (21.5,70.8116)
1:24a, (19.625,67.325)
1:25b, (21.437,70.7)
1:25a, (19.625,67.325)
1:26b, (21.437,70.5866)
1:26a, (19.562,67.325)
1:27b, (21.437,70.5866)
1:27a, (19.562,67.2116)
1:28b, (21.437,70.5866)
1:28a, (19.625,67.4366)
1:29b, (21.375,70.5866)
1:29a, (19.812,67.775)
1:30b, (21.562,70.8116)
1:30a, (20.125,68.3366)
1:31b, (21.5,70.7)
1:31a, (20.125,68.225)
1:33b, (21.437,70.7)
1:33a, (20.125,68.225)
1:34b, (21.437,70.7)
1:34a, (20.25,68.45)
1:35b, (21.5,70.8116)
1:35a, (20.125,68.3366)
1:36b, (21.562,70.8116)
1:36a, (20.062,68.225)
1:37b, (21.625,70.925)
1:37a, (19.937,67.8866)
1:38b, (21.625,70.925)
1:38a, (19.875,67.775)
1:39b, (21.562,70.925)
1:39a, (19.75,67.6616)
1:40b, (21.562,70.8116)
1:40a, (19.75,67.55)
1:41b, (21.5,70.8116)
1:41a, (19.625,67.4366)
1:42b, (21.5,70.8116)
1:42a, (19.625,67.325)
1:43b, (21.437,70.7)
1:43a, (19.625,67.4366)
1:44b, (21.437,70.7)
1:44a, (19.625,67.325)
1:45b, (21.437,70.5866)
1:45a, (19.687,67.4366)
1:46b, (21.437,70.5866)
1:46a, (19.687,67.55)
1:47b, (21.375,70.5866)
1:47a, (19.875,67.775)
1:48b, (21.437,70.5866)
1:48a, (20.125,68.225)
1:49b, (21.375,70.5866)
1:49a, (20.062,68.225)
1:51b, (21.375,70.5866)
1:51a, (20.0,68.0)
1:52b, (21.437,70.5866)
1:52a, (20.062,68.11160000000001)
1:53b, (21.375,70.5866)
1:53a, (20.125,68.225)
1:54b, (21.437,70.5866)
1:54a, (20.0,68.11160000000001)
1:55b, (21.5,70.7)
1:55a, (19.937,67.8866)
1:56b, (21.5,70.8116)
1:56a, (19.875,67.8866)
1:57b, (21.5,70.8116)
1:57a, (19.812,67.6616)
1:58b, (21.5,70.8116)
1:58a, (19.75,67.55)
1:59b, (21.5,70.7)
1:59a, (19.687,67.4366)
2:0b, (21.5,70.7)
2:0a, (19.625,67.325)
2:1b, (21.437,70.7)
2:1a, (19.562,67.2116)
2:2b, (21.437,70.7)
2:2a, (19.5,67.2116)
2:3b, (21.375,70.5866)
2:3a, (19.625,67.4366)
2:4b, (21.375,70.5866)
2:4a, (19.687,67.4366)
2:5b, (21.375,70.475)
2:5a, (19.875,67.8866)
2:6b, (21.375,70.5866)
2:6a, (20.062,68.11160000000001)
2:7b, (21.375,70.475)
2:7a, (20.125,68.225)
2:9b, (21.375,70.475)
2:9a, (20.062,68.11160000000001)
2:10b, (21.375,70.475)
2:10a, (20.062,68.11160000000001)
2:11b, (21.375,70.475)
2:11a, (20.125,68.225)
2:12b, (21.375,70.5866)
2:12a, (20.0,68.11160000000001)
2:13b, (21.437,70.7)
2:13a, (19.937,67.8866)
2:14b, (21.437,70.7)
2:14a, (19.875,67.775)
2:15b, (21.437,70.5866)
2:15a, (19.75,67.6616)
2:16b, (21.437,70.5866)
2:16a, (19.687,67.55)
2:17b, (21.437,70.7)
2:17a, (19.625,67.4366)
2:18b, (21.375,70.5866)
2:18a, (19.625,67.4366)
2:19b, (21.375,70.5866)
2:19a, (19.562,67.2116)
2:20b, (21.437,70.5866)
2:20a, (19.5,67.2116)
2:21b, (21.375,70.475)
2:21a, (19.5,67.2116)
2:22b, (21.375,70.5866)
2:22a, (19.687,67.4366)
2:23b, (21.375,70.5866)
2:23a, (19.875,67.775)
2:24b, (21.375,70.5866)
2:24a, (20.062,68.11160000000001)
2:26b, (21.375,70.475)
2:26a, (20.0,68.11160000000001)
2:27b, (21.375,70.475)
2:27a, (20.0,68.0)
2:28b, (21.375,70.475)
2:28a, (20.0,68.11160000000001)
2:29b, (21.375,70.5866)
2:29a, (20.0,68.0)
2:30b, (21.437,70.7)
2:30a, (19.937,67.8866)
2:31b, (21.437,70.7)
2:31a, (19.875,67.775)
2:32b, (21.437,70.7)
2:32a, (19.812,67.6616)
2:33b, (21.437,70.7)
2:33a, (19.687,67.4366)
2:34b, (21.437,70.5866)
2:34a, (19.625,67.4366)
2:35b, (21.375,70.5866)
2:35a, (19.687,67.4366)
2:36b, (21.375,70.5866)
2:36a, (19.562,67.2116)
2:37b, (21.375,70.475)
2:37a, (19.437,67.1)
2:38b, (21.375,70.475)
2:38a, (19.5,67.2116)
2:39b, (21.312,70.475)
2:39a, (19.562,67.2116)
2:40b, (21.312,70.475)
2:40a, (19.687,67.55)
2:41b, (21.375,70.475)
2:41a, (19.937,67.8866)
2:42b, (21.437,70.5866)
2:42a, (20.062,68.11160000000001)
2:44b, (21.375,70.475)
2:44a, (20.062,68.11160000000001)
2:45b, (21.312,70.475)
2:45a, (19.937,67.8866)
2:46b, (21.312,70.475)
2:46a, (19.937,68.0)
2:47b, (21.312,70.36160000000001)
2:47a, (19.937,67.8866)
2:48b, (21.437,70.5866)
2:48a, (19.937,67.8866)
2:49b, (21.437,70.7)
2:49a, (19.812,67.775)
2:50b, (21.5,70.7)
2:50a, (19.75,67.55)
2:51b, (21.5,70.8116)
2:51a, (19.625,67.4366)
2:52b, (21.5,70.7)
2:52a, (19.562,67.325)
2:53b, (21.437,70.7)
2:53a, (19.625,67.325)
2:54b, (21.437,70.7)
2:54a, (19.5,67.2116)
2:55b, (21.375,70.475)
2:55a, (19.437,67.1)
2:56b, (21.375,70.475)
2:56a, (19.437,67.1)
2:57b, (21.375,70.475)
2:57a, (19.5,67.1)
2:58b, (21.375,70.5866)
2:58a, (19.562,67.325)
2:59b, (21.312,70.475)
2:59a, (19.687,67.55)
3:1b, (21.312,70.475)
3:1a, (19.937,67.8866)
3:2b, (21.312,70.475)
3:2a, (20.0,68.0)
3:3b, (21.312,70.475)
3:3a, (20.0,68.0)
3:4b, (21.312,70.36160000000001)
3:4a, (20.0,68.0)
3:5b, (21.312,70.475)
3:5a, (20.0,68.11160000000001)
3:6b, (21.375,70.475)
3:6a, (20.0,68.0)
3:7b, (21.437,70.5866)
3:7a, (19.875,67.775)
3:8b, (21.5,70.8116)
3:8a, (19.75,67.55)
3:9b, (21.562,70.8116)
3:9a, (19.625,67.325)
3:10b, (21.437,70.7)
3:10a, (19.562,67.2116)
3:11b, (21.437,70.5866)
3:11a, (19.5,67.1)
3:12b, (21.375,70.5866)
3:12a, (19.5,67.1)
3:13b, (21.375,70.475)
3:13a, (19.437,66.98660000000001)
3:14b, (21.312,70.475)
3:14a, (19.437,67.1)
3:15b, (21.312,70.36160000000001)
3:15a, (19.5,67.1)
3:16b, (21.312,70.475)
3:16a, (19.5,67.1)
3:17b, (21.437,70.7)
3:17a, (19.625,67.4366)
3:19b, (21.375,70.475)
3:19a, (19.75,67.6616)
3:20b, (21.312,70.36160000000001)
3:20a, (19.812,67.6616)
3:21b, (21.312,70.36160000000001)
3:21a, (19.812,67.55)
3:22b, (21.312,70.36160000000001)
3:22a, (19.75,67.55)
3:23b, (21.25,70.36160000000001)
3:23a, (19.75,67.6616)
3:24b, (21.312,70.475)
3:24a, (19.687,67.55)
3:25b, (21.375,70.475)
3:25a, (19.625,67.4366)
3:26b, (21.312,70.475)
3:26a, (19.562,67.325)
3:27b, (21.312,70.475)
3:27a, (19.562,67.2116)
3:28b, (21.375,70.475)
3:28a, (19.312,66.7616)
3:29b, (21.312,70.36160000000001)
3:29a, (19.312,66.875)
3:30b, (21.312,70.36160000000001)
3:30a, (19.312,66.875)
3:31b, (21.312,70.36160000000001)
3:31a, (19.375,66.875)
3:32b, (21.25,70.36160000000001)
3:32a, (19.375,66.875)
3:33b, (21.25,70.25)
3:33a, (19.375,66.875)
3:34b, (21.25,70.36160000000001)
3:34a, (19.562,67.2116)
3:35b, (21.25,70.36160000000001)
3:35a, (19.812,67.6616)
3:37b, (21.25,70.36160000000001)
3:37a, (19.937,67.8866)
3:38b, (21.312,70.36160000000001)
3:38a, (19.812,67.6616)
3:39b, (21.312,70.36160000000001)
3:39a, (19.937,68.0)
3:40b, (21.312,70.475)
3:40a, (19.875,67.775)
3:41b, (21.375,70.475)
3:41a, (19.75,67.6616)
3:42b, (21.437,70.5866)
3:42a, (19.625,67.4366)
3:43b, (21.437,70.7)
3:43a, (19.562,67.2116)
3:44b, (21.437,70.7)
3:44a, (19.375,66.98660000000001)
3:45b, (21.437,70.5866)
3:45a, (19.375,66.875)
3:46b, (21.375,70.5866)
3:46a, (19.312,66.7616)
3:47b, (21.312,70.475)
3:47a, (19.25,66.65)
3:48b, (21.312,70.36160000000001)
3:48a, (19.25,66.7616)
3:49b, (21.312,70.475)
3:49a, (19.312,66.875)
3:50b, (21.312,70.36160000000001)
3:50a, (19.312,66.7616)
3:51b, (21.312,70.36160000000001)
3:51a, (19.437,66.98660000000001)
3:52b, (21.312,70.36160000000001)
3:52a, (19.562,67.2116)
3:54b, (21.312,70.36160000000001)
3:54a, (19.75,67.55)
3:55b, (21.25,70.36160000000001)
3:55a, (19.687,67.4366)
3:56b, (21.25,70.36160000000001)
3:56a, (19.625,67.325)
3:57b, (21.25,70.36160000000001)
3:57a, (19.625,67.325)
3:58b, (21.25,70.25)
3:58a, (19.562,67.325)
3:59b, (21.25,70.36160000000001)
3:59a, (19.562,67.2116)
4:0b, (21.312,70.36160000000001)
4:0a, (19.5,67.1)
4:1b, (21.312,70.475)
4:1a, (19.375,66.98660000000001)
4:2b, (21.312,70.36160000000001)
4:2a, (19.312,66.875)
4:3b, (21.312,70.475)
4:3a, (19.25,66.65)
4:4b, (21.312,70.475)
4:4a, (19.125,66.5366)
4:5b, (21.25,70.36160000000001)
4:5a, (19.187,66.65)
4:6b, (21.25,70.25)
4:6a, (19.25,66.7616)
4:7b, (21.25,70.25)
4:7a, (19.25,66.65)
4:8b, (21.25,70.25)
4:8a, (19.25,66.7616)
4:9b, (21.25,70.25)
4:9a, (19.5,67.1)
4:10b, (21.312,70.36160000000001)
4:10a, (19.812,67.55)
4:12b, (21.25,70.36160000000001)
4:12a, (19.812,67.6616)
4:13b, (21.25,70.36160000000001)
4:13a, (19.75,67.55)
4:14b, (21.25,70.25)
4:14a, (19.687,67.4366)
4:15b, (21.312,70.36160000000001)
4:15a, (19.687,67.4366)
4:16b, (21.375,70.475)
4:16a, (19.5,67.1)
4:17b, (21.375,70.475)
4:17a, (19.562,67.2116)
4:18b, (21.312,70.475)
4:18a, (19.375,66.98660000000001)
4:19b, (21.375,70.475)
4:19a, (19.25,66.65)
4:20b, (21.312,70.475)
4:20a, (19.187,66.5366)
4:21b, (21.312,70.36160000000001)
4:21a, (19.187,66.65)
4:22b, (21.312,70.36160000000001)
4:22a, (19.062,66.425)
4:23b, (21.25,70.25)
4:23a, (19.0,66.3116)
4:24b, (21.187,70.25)
4:24a, (19.125,66.5366)
4:25b, (21.187,70.1366)
4:25a, (19.187,66.5366)
4:26b, (21.25,70.25)
4:26a, (19.437,66.98660000000001)
4:27b, (21.25,70.25)
4:27a, (19.437,67.2116)
4:28b, (21.187,70.1366)
4:28a, (19.562,67.325)
4:30b, (21.187,70.25)
4:30a, (19.562,67.2116)
4:31b, (21.187,70.1366)
4:31a, (19.562,67.2116)
4:32b, (21.187,70.1366)
4:32a, (19.5,67.1)
4:33b, (21.187,70.25)
4:33a, (19.375,66.875)
4:34b, (21.25,70.25)
4:34a, (19.375,66.875)
4:35b, (21.25,70.25)
4:35a, (19.25,66.65)
4:36b, (21.25,70.25)
4:36a, (19.25,66.65)
4:37b, (21.187,70.1366)
4:37a, (19.187,66.5366)
4:38b, (21.187,70.25)
4:38a, (19.062,66.3116)
4:39b, (21.187,70.1366)
4:39a, (19.0,66.3116)
4:40b, (21.187,70.1366)
4:40a, (19.062,66.3116)
4:41b, (21.187,70.1366)
4:41a, (19.062,66.3116)
4:42b, (21.125,70.025)
4:42a, (19.125,66.5366)
4:43b, (21.187,70.25)
4:43a, (19.375,66.98660000000001)
4:44b, (21.187,70.1366)
4:44a, (19.562,67.325)
4:45b, (21.187,70.1366)
4:45a, (19.5,67.1)
4:47b, (21.187,70.1366)
4:47a, (19.5,67.2116)
4:48b, (21.125,70.1366)
4:48a, (19.5,67.2116)
4:49b, (21.187,70.1366)
4:49a, (19.562,66.98660000000001)
4:50b, (21.187,70.1366)
4:50a, (19.375,66.875)
4:51b, (21.187,70.1366)
4:51a, (19.375,66.65)
4:52b, (21.187,70.1366)
4:52a, (19.187,66.5366)
4:53b, (21.187,70.1366)
4:53a, (19.125,66.5366)
4:54b, (21.187,70.1366)
4:54a, (19.062,66.425)
4:55b, (21.187,70.1366)
4:55a, (18.937,66.0866)
4:56b, (21.125,70.1366)
4:56a, (18.937,66.0866)
4:57b, (21.125,70.025)
4:57a, (19.0,66.2)
4:58b, (21.062,70.025)
4:58a, (18.937,66.2)
4:59b, (21.187,70.1366)
4:59a, (19.125,66.5366)
5:0b, (21.125,70.025)
5:0a, (19.312,66.7616)
5:1b, (21.125,70.1366)
5:1a, (19.437,67.1)
5:2b, (21.125,70.025)
5:2a, (19.375,66.98660000000001)
5:3b, (21.125,70.025)
5:3a, (19.437,66.98660000000001)
5:5b, (21.125,70.025)
5:5a, (19.375,66.875)
5:6b, (21.125,70.025)
5:6a, (19.375,66.875)
5:7b, (21.125,70.1366)
5:7a, (19.312,66.7616)
5:8b, (21.125,70.025)
5:8a, (19.25,66.7616)
5:9b, (21.125,70.1366)
5:9a, (19.125,66.5366)
5:10b, (21.187,70.1366)
5:10a, (19.062,66.3116)
5:11b, (21.125,70.1366)
5:11a, (19.0,66.2)
5:12b, (21.187,70.1366)
5:12a, (18.937,66.2)
5:13b, (21.125,70.025)
5:13a, (18.875,65.975)
5:14b, (21.062,69.9116)
5:14a, (18.875,66.0866)
5:15b, (21.062,70.025)
5:15a, (18.937,66.0866)
5:16b, (21.062,70.025)
5:16a, (18.937,66.2)
5:17b, (21.187,70.1366)
5:17a, (19.187,66.5366)
5:18b, (21.125,70.025)
5:18a, (19.437,66.98660000000001)
5:19b, (21.125,70.025)
5:19a, (19.437,67.1)
5:20b, (21.125,70.025)
5:20a, (19.312,66.875)
5:21b, (21.125,70.025)
5:21a, (19.375,66.875)
5:23b, (21.125,70.025)
5:23a, (19.437,66.98660000000001)
5:24b, (21.062,70.025)
5:24a, (19.312,66.875)
5:25b, (21.125,70.1366)
5:25a, (19.187,66.65)
5:26b, (21.187,70.1366)
5:26a, (19.062,66.425)
5:27b, (21.125,70.1366)
5:27a, (19.062,66.3116)
5:28b, (21.187,70.1366)
5:28a, (18.937,66.0866)
5:29b, (21.125,70.1366)
5:29a, (18.875,66.0866)
5:30b, (21.125,70.025)
5:30a, (18.875,65.975)
5:31b, (21.062,70.025)
5:31a, (18.875,65.975)
5:32b, (21.062,69.9116)
5:32a, (18.812,65.975)
5:33b, (21.062,70.025)
5:33a, (18.875,65.975)
5:34b, (21.062,69.9116)
5:34a, (19.062,66.425)
5:35b, (21.125,70.025)
5:35a, (19.312,66.7616)
5:36b, (21.062,70.025)
5:36a, (19.312,66.7616)
5:37b, (21.062,69.9116)
5:37a, (19.25,66.65)
5:38b, (21.062,69.9116)
5:38a, (19.312,66.7616)
5:40b, (21.062,69.9116)
5:40a, (19.25,66.65)
5:41b, (21.062,69.9116)
5:41a, (19.125,66.5366)
5:42b, (21.125,70.025)
5:42a, (19.062,66.425)
5:43b, (21.125,70.1366)
5:43a, (19.0,66.2)
5:44b, (21.125,70.025)
5:44a, (18.937,66.0866)
5:45b, (21.062,70.025)
5:45a, (18.875,65.975)
5:46b, (21.125,70.025)
5:46a, (18.75,65.86160000000001)
5:47b, (21.062,69.9116)
5:47a, (18.75,65.75)
5:48b, (21.062,69.9116)
5:48a, (18.812,65.86160000000001)
5:49b, (21.0,69.8)
5:49a, (18.75,65.86160000000001)
5:50b, (21.062,70.025)
5:50a, (18.937,66.0866)
5:51b, (21.062,69.9116)
5:51a, (19.125,66.5366)
5:52b, (21.062,69.9116)
5:52a, (19.312,66.7616)
5:53b, (21.062,69.9116)
5:53a, (19.312,66.7616)
5:54b, (21.062,69.9116)
5:54a, (19.25,66.7616)
5:55b, (21.0,69.9116)
5:55a, (19.187,66.5366)
5:56b, (21.0,69.9116)
5:56a, (19.125,66.5366)
5:58b, (21.062,69.9116)
5:58a, (19.125,66.425)
5:59b, (21.062,70.025)
5:59a, (19.0,66.2)
6:0b, (21.062,69.9116)
6:0a, (18.937,66.2)
6:1b, (21.062,70.025)
6:1a, (18.875,65.975)
6:2b, (21.062,70.025)
6:2a, (18.812,65.86160000000001)
6:3b, (21.062,69.9116)
6:3a, (18.75,65.75)
6:4b, (21.0,69.9116)
6:4a, (18.687,65.6366)
6:5b, (21.0,69.8)
6:5a, (18.687,65.75)
6:6b, (21.0,69.8)
6:6a, (18.75,65.75)
6:7b, (21.0,69.8)
6:7a, (19.0,66.3116)
6:8b, (21.062,69.9116)
6:8a, (19.187,66.65)
6:9b, (21.0,69.9116)
6:9a, (19.312,66.7616)
6:10b, (21.062,69.9116)
6:10a, (19.25,66.65)
6:11b, (21.062,69.9116)
6:11a, (19.187,66.5366)
6:12b, (21.0,69.9116)
6:12a, (19.187,66.65)
6:13b, (21.062,69.9116)
6:13a, (19.125,66.425)
6:15b, (21.125,70.025)
6:15a, (19.062,66.3116)
6:16b, (21.062,69.9116)
6:16a, (18.937,66.2)
6:17b, (21.125,70.025)
6:17a, (18.875,66.0866)
6:18b, (21.125,70.025)
6:18a, (18.812,65.86160000000001)
6:19b, (21.125,70.025)
6:19a, (18.625,65.6366)
6:20b, (21.062,69.9116)
6:20a, (18.625,65.6366)
6:21b, (21.0,69.8)
6:21a, (18.625,65.6366)
6:22b, (21.0,69.8)
6:22a, (18.625,65.6366)
6:23b, (20.937,69.8)
6:23a, (18.687,65.6366)
6:24b, (21.062,69.8)
6:24a, (18.937,66.0866)
6:25b, (21.0,69.9116)
6:25a, (19.125,66.5366)
6:26b, (21.0,69.9116)
6:26a, (19.25,66.65)
6:27b, (21.0,69.8)
6:27a, (19.125,66.5366)
6:28b, (21.0,69.9116)
6:28a, (19.25,66.65)
6:29b, (21.0,69.8)
6:29a, (19.125,66.5366)
6:30b, (21.0,69.9116)
6:30a, (19.062,66.3116)
6:31b, (21.062,69.9116)
6:31a, (19.0,66.2)
6:33b, (21.062,69.9116)
6:33a, (18.812,65.975)
6:34b, (21.062,69.9116)
6:34a, (18.75,65.86160000000001)
6:35b, (21.062,69.9116)
6:35a, (18.687,65.75)
6:36b, (21.0,69.9116)
6:36a, (18.625,65.6366)
6:37b, (21.0,69.8)
6:37a, (18.625,65.525)
6:38b, (20.937,69.8)
6:38a, (18.687,65.6366)
6:39b, (20.937,69.6866)
6:39a, (18.625,65.6366)
6:40b, (21.0,69.8)
6:40a, (18.875,66.0866)
6:41b, (21.0,69.8)
6:41a, (19.125,66.425)
6:42b, (21.0,69.8)
6:42a, (19.125,66.5366)
6:43b, (21.0,69.8)
6:43a, (19.062,66.3116)
6:44b, (21.0,69.8)
6:44a, (19.062,66.425)
6:45b, (21.0,69.8)
6:45a, (19.125,66.425)
6:46b, (21.0,69.8)
6:46a, (19.0,66.3116)
6:47b, (21.0,69.8)
6:47a, (18.937,66.2)
6:48b, (21.062,69.9116)
6:48a, (18.937,66.0866)
6:49b, (21.062,70.025)
6:49a, (18.812,65.86160000000001)
6:51b, (21.062,69.9116)
6:51a, (18.75,65.75)
6:52b, (21.062,69.9116)
6:52a, (18.687,65.6366)
6:53b, (21.0,69.9116)
6:53a, (18.625,65.525)
6:54b, (20.937,69.8)
6:54a, (18.562,65.4116)
6:55b, (20.937,69.6866)
6:55a, (18.625,65.525)
6:56b, (20.937,69.8)
6:56a, (18.562,65.4116)
6:57b, (21.0,69.8)
6:57a, (18.75,65.75)
6:58b, (21.0,69.9116)
6:58a, (19.0,66.2)
6:59b, (21.0,69.8)
6:59a, (19.062,66.425)
7:0b, (20.937,69.8)
7:0a, (19.062,66.3116)
7:1b, (20.937,69.8)
7:1a, (19.062,66.425)
7:2b, (20.937,69.8)
7:2a, (19.062,66.425)
7:3b, (21.0,69.8)
7:3a, (19.0,66.2)
7:4b, (21.0,69.9116)
7:4a, (18.875,65.975)
7:5b, (21.062,69.9116)
7:5a, (18.75,65.86160000000001)
7:6b, (21.0,69.9116)
7:6a, (18.75,65.86160000000001)
7:8b, (21.0,69.9116)
7:8a, (18.687,65.6366)
7:9b, (21.0,69.8)
7:9a, (18.625,65.525)
7:10b, (20.937,69.6866)
7:10a, (18.625,65.525)
7:11b, (20.937,69.6866)
7:11a, (18.625,65.525)
7:12b, (20.937,69.6866)
7:12a, (18.562,65.525)
7:13b, (20.937,69.6866)
7:13a, (18.625,65.6366)
7:14b, (20.875,69.575)
7:14a, (18.812,65.86160000000001)
7:15b, (20.937,69.6866)
7:15a, (19.0,66.3116)
7:16b, (20.937,69.6866)
7:16a, (19.062,66.3116)
7:17b, (20.937,69.6866)
7:17a, (19.0,66.3116)
7:18b, (20.937,69.6866)
7:18a, (19.0,66.2)
7:19b, (20.875,69.6866)
7:19a, (18.937,66.2)
7:20b, (20.937,69.6866)
7:20a, (18.937,66.0866)
7:21b, (20.937,69.8)
7:21a, (18.812,65.975)
7:22b, (21.0,69.8)
7:22a, (18.75,65.75)
7:23b, (21.0,69.8)
7:23a, (18.75,65.6366)
7:24b, (21.0,69.8)
7:24a, (18.625,65.525)
7:26b, (20.937,69.6866)
7:26a, (18.562,65.4116)
7:27b, (20.875,69.575)
7:27a, (18.562,65.4116)
7:28b, (20.875,69.575)
7:28a, (18.562,65.3)
7:29b, (20.875,69.575)
7:29a, (18.5,65.1866)
7:30b, (20.875,69.6866)
7:30a, (18.625,65.525)
7:31b, (20.875,69.575)
7:31a, (18.812,65.86160000000001)
7:32b, (20.875,69.575)
7:32a, (18.937,66.0866)
7:33b, (20.812,69.575)
7:33a, (18.937,66.0866)
7:34b, (20.875,69.575)
7:34a, (18.875,66.0866)
7:35b, (20.812,69.4616)
7:35a, (18.812,65.975)
7:36b, (20.75,69.4616)
7:36a, (18.75,65.86160000000001)
7:37b, (20.812,69.4616)
7:37a, (18.812,65.6366)
7:38b, (20.875,69.575)
7:38a, (18.625,65.525)
7:39b, (20.812,69.575)
7:39a, (18.625,65.6366)
7:40b, (20.812,69.4616)
7:40a, (18.625,65.525)
7:41b, (20.812,69.575)
7:41a, (18.625,65.3)
7:43b, (20.812,69.4616)
7:43a, (18.437,65.3)
7:44b, (20.75,69.4616)
7:44a, (18.437,65.1866)
7:45b, (20.75,69.35)
7:45a, (18.437,65.1866)
7:46b, (20.75,69.4616)
7:46a, (18.562,65.525)
7:47b, (20.75,69.4616)
7:47a, (18.812,65.975)
7:48b, (20.812,69.575)
7:48a, (18.937,66.2)
7:49b, (20.812,69.4616)
7:49a, (18.875,66.0866)
7:50b, (20.75,69.4616)
7:50a, (18.875,65.975)
7:51b, (20.812,69.4616)
7:51a, (18.875,65.975)
7:52b, (20.75,69.4616)
7:52a, (18.812,65.975)
7:53b, (20.812,69.4616)
7:53a, (18.687,65.75)
7:54b, (20.812,69.4616)
7:54a, (18.75,65.6366)
7:55b, (20.875,69.575)
7:55a, (18.625,65.525)
7:56b, (20.875,69.575)
7:56a, (18.562,65.4116)
7:57b, (20.875,69.575)
7:57a, (18.562,65.3)
7:58b, (20.812,69.4616)
7:58a, (18.375,65.1866)
7:59b, (20.75,69.4616)
7:59a, (18.437,65.1866)
8:1b, (20.812,69.4616)
8:1a, (18.437,65.1866)
8:2b, (20.875,69.6866)
8:2a, (18.437,65.6366)
8:3b, (20.875,69.575)
8:3a, (18.812,65.975)
8:4b, (20.875,69.6866)
8:4a, (19.062,66.3116)
8:5b, (20.875,69.575)
8:5a, (18.937,66.2)
8:6b, (20.875,69.575)
8:6a, (18.937,66.2)
8:7b, (20.875,69.575)
8:7a, (18.937,66.2)
8:8b, (20.875,69.575)
8:8a, (19.0,66.0866)
8:9b, (20.875,69.575)
8:9a, (18.812,65.975)
8:10b, (20.937,69.6866)
8:10a, (18.687,65.75)
8:11b, (20.937,69.6866)
8:11a, (18.625,65.6366)
8:12b, (20.937,69.6866)
8:12a, (18.562,65.4116)
8:13b, (20.937,69.6866)
8:13a, (18.5,65.3)
8:14b, (20.937,69.6866)
8:14a, (18.437,65.1866)
8:15b, (20.875,69.575)
8:15a, (18.437,65.3)
8:16b, (20.875,69.575)
8:16a, (18.437,65.1866)
8:17b, (20.937,69.6866)
8:17a, (18.625,65.525)
8:19b, (20.875,69.6866)
8:19a, (18.75,65.86160000000001)
8:20b, (20.875,69.575)
8:20a, (19.0,66.3116)
8:21b, (20.875,69.575)
8:21a, (18.937,66.0866)
8:22b, (20.812,69.575)
8:22a, (18.875,66.0866)
8:23b, (20.875,69.575)
8:23a, (18.937,66.0866)
8:24b, (20.812,69.575)
8:24a, (18.875,65.975)
8:25b, (20.875,69.6866)
8:25a, (18.75,65.86160000000001)
8:26b, (20.937,69.6866)
8:26a, (18.687,65.6366)
8:27b, (20.937,69.6866)
8:27a, (18.625,65.6366)
8:28b, (20.937,69.6866)
8:28a, (18.625,65.525)
8:29b, (20.875,69.575)
8:29a, (18.562,65.525)
8:30b, (20.875,69.575)
8:30a, (18.5,65.4116)
8:31b, (20.812,69.575)
8:31a, (18.5,65.3)
8:32b, (20.812,69.4616)
8:32a, (18.437,65.3)
8:33b, (20.812,69.575)
8:33a, (18.625,65.525)
8:34b, (20.937,69.6866)
8:34a, (18.812,65.86160000000001)
8:36b, (21.0,69.8)
8:36a, (19.062,66.425)
8:37b, (20.937,69.8)
8:37a, (19.062,66.3116)
8:38b, (20.937,69.6866)
8:38a, (19.0,66.2)
8:39b, (20.875,69.6866)
8:39a, (19.062,66.425)
8:40b, (20.937,69.6866)
8:40a, (19.062,66.3116)
8:41b, (20.937,69.6866)
8:41a, (19.0,66.2)
8:42b, (20.937,69.6866)
8:42a, (18.812,65.975)
8:43b, (20.937,69.6866)
8:43a, (18.75,65.86160000000001)
8:44b, (20.937,69.6866)
8:44a, (18.625,65.6366)
8:45b, (20.875,69.575)
8:45a, (18.625,65.525)
8:46b, (20.875,69.6866)
8:46a, (18.437,65.3)
8:47b, (20.875,69.575)
8:47a, (18.375,65.1866)
8:48b, (20.812,69.4616)
8:48a, (18.375,65.075)
8:49b, (20.812,69.575)
8:49a, (18.562,65.4116)
8:50b, (20.812,69.4616)
8:50a, (18.75,65.86160000000001)
8:51b, (20.812,69.575)
8:51a, (19.125,66.425)
8:52b, (20.875,69.4616)
8:52a, (19.062,66.425)
8:54b, (20.812,69.575)
8:54a, (19.0,66.2)
8:55b, (20.875,69.575)
8:55a, (19.062,66.425)
8:56b, (20.875,69.575)
8:56a, (19.25,66.65)
8:57b, (20.875,69.575)
8:57a, (19.25,66.65)
8:58b, (20.875,69.575)
8:58a, (19.125,66.425)
8:59b, (20.875,69.575)
8:59a, (19.0,66.2)
9:0b, (20.812,69.575)
9:0a, (18.937,66.2)
9:1b, (20.812,69.575)
9:1a, (18.875,65.975)
9:2b, (20.812,69.575)
9:2a, (18.75,65.86160000000001)
9:3b, (20.812,69.4616)
9:3a, (18.687,65.6366)
9:4b, (20.812,69.4616)
9:4a, (18.687,65.75)
9:5b, (20.75,69.4616)
9:5a, (18.562,65.4116)
9:6b, (20.75,69.35)
9:6a, (18.5,65.4116)
9:7b, (20.75,69.35)
9:7a, (18.437,65.3)
9:8b, (20.687,69.35)
9:8a, (18.375,65.1866)
9:9b, (20.687,69.35)
9:9a, (18.375,65.075)
9:10b, (20.687,69.23660000000001)
9:10a, (18.375,65.075)
9:12b, (20.687,69.23660000000001)
9:12a, (18.312,64.9616)
9:13b, (20.687,69.23660000000001)
9:13a, (18.375,65.1866)
9:14b, (20.687,69.23660000000001)
9:14a, (18.562,65.4116)
9:15b, (20.687,69.23660000000001)
9:15a, (18.75,65.75)
9:16b, (20.687,69.35)
9:16a, (18.812,65.86160000000001)
9:17b, (20.75,69.35)
9:17a, (19.0,66.2)
9:18b, (20.812,69.4616)
9:18a, (19.0,66.3116)
9:19b, (21.0,69.8)
9:19a, (19.25,66.65)
9:20b, (20.937,69.8)
9:20a, (20.0,68.0)
9:21b, (21.0,69.8)
9:21a, (20.562,69.125)
9:22b, (21.062,69.9116)
9:22a, (20.75,69.35)
9:23b, (21.125,70.025)
9:23a, (20.875,69.6866)
9:24b, (21.187,70.1366)
9:24a, (20.812,69.4616)
9:25b, (21.187,70.25)
9:25a, (20.437,68.7866)
9:26b, (21.375,70.475)
9:26a, (19.75,67.6616)
9:27b, (21.375,70.475)
9:27a, (19.375,66.875)
9:29b, (21.375,70.475)
9:29a, (19.187,66.65)
9:30b, (21.25,70.25)
9:30a, (19.125,66.5366)
9:31b, (21.187,70.1366)
9:31a, (19.062,66.3116)
9:32b, (21.187,70.1366)
9:32a, (18.937,66.2)
9:33b, (21.187,70.1366)
9:33a, (19.0,66.2)
9:34b, (21.25,70.25)
9:34a, (19.062,66.3116)
9:35b, (21.187,70.1366)
9:35a, (19.25,66.7616)
9:36b, (21.125,70.1366)
9:36a, (19.375,66.875)
9:37b, (21.125,70.1366)
9:37a, (19.562,67.2116)
9:38b, (21.125,70.025)
9:38a, (19.562,67.325)
9:39b, (21.062,70.025)
9:39a, (19.562,67.2116)
9:40b, (21.062,69.9116)
9:40a, (19.625,67.325)
9:41b, (21.062,69.9116)
9:41a, (19.562,67.2116)
9:42b, (21.25,70.25)
9:42a, (19.437,67.1)
9:43b, (21.25,70.25)
9:43a, (19.312,66.875)
9:44b, (21.187,70.1366)
9:44a, (19.25,66.65)
9:45b, (21.187,70.25)
9:45a, (19.25,66.65)
9:47b, (21.187,70.1366)
9:47a, (19.25,66.7616)
9:48b, (21.125,70.025)
9:48a, (19.312,66.7616)
9:49b, (21.125,70.1366)
9:49a, (19.25,66.65)
9:50b, (21.125,70.025)
9:50a, (19.187,66.65)
9:51b, (21.125,70.025)
9:51a, (19.125,66.5366)
9:52b, (21.125,70.025)
9:52a, (19.25,66.7616)
9:53b, (21.125,70.1366)
9:53a, (19.5,67.1)
9:54b, (21.187,70.1366)
9:54a, (19.687,67.55)
9:55b, (21.187,70.1366)
9:55a, (19.687,67.4366)
9:56b, (21.187,70.1366)
9:56a, (19.562,67.2116)
9:57b, (21.187,70.1366)
9:57a, (19.562,67.2116)
9:58b, (21.187,70.1366)
9:58a, (19.625,67.325)
9:59b, (21.25,70.36160000000001)
9:59a, (19.562,67.325)
10:0b, (21.25,70.25)
10:0a, (19.5,67.1)
10:1b, (21.312,70.36160000000001)
10:1a, (19.437,67.1)
10:2b, (21.312,70.36160000000001)
10:2a, (19.375,66.98660000000001)
10:3b, (21.312,70.36160000000001)
10:3a, (19.375,66.98660000000001)
10:5b, (21.187,70.36160000000001)
10:5a, (19.312,66.875)
10:6b, (21.187,70.25)
10:6a, (19.25,66.7616)
10:7b, (21.187,70.25)
10:7a, (19.25,66.65)
10:8b, (21.187,70.1366)
10:8a, (19.25,66.7616)
10:9b, (21.187,70.1366)
10:9a, (19.25,66.7616)
10:10b, (21.187,70.25)
10:10a, (19.375,66.875)
10:11b, (21.187,70.25)
10:11a, (19.687,67.4366)
10:12b, (21.187,70.25)
10:12a, (19.625,67.325)
10:13b, (21.187,70.25)
10:13a, (19.625,67.325)
10:14b, (21.187,70.25)
10:14a, (19.625,67.325)
10:15b, (21.187,70.25)
10:15a, (19.687,67.4366)
10:16b, (21.187,70.25)
10:16a, (19.687,67.4366)
10:17b, (21.25,70.25)
10:17a, (19.625,67.325)
10:18b, (21.187,70.1366)
10:18a, (19.5,67.1)
10:19b, (21.25,70.25)
10:19a, (19.437,66.98660000000001)
10:20b, (21.187,70.25)
10:20a, (19.437,67.1)
10:22b, (21.187,70.25)
10:22a, (19.375,66.875)
10:23b, (21.187,70.25)
10:23a, (19.312,66.875)
10:24b, (21.187,70.1366)
10:24a, (19.312,66.7616)
10:25b, (21.187,70.1366)
10:25a, (19.312,66.875)
10:26b, (21.187,70.1366)
10:26a, (19.375,66.875)
10:27b, (21.312,70.36160000000001)
10:27a, (19.562,67.325)
10:28b, (21.25,70.36160000000001)
10:28a, (19.75,67.55)
10:29b, (21.25,70.25)
10:29a, (19.875,67.775)
10:30b, (21.187,70.1366)
10:30a, (19.75,67.55)
10:31b, (21.187,70.1366)
10:31a, (19.75,67.6616)
10:32b, (21.25,70.25)
10:32a, (19.687,67.55)
10:33b, (21.25,70.36160000000001)
10:33a, (19.687,67.55)
10:34b, (21.25,70.25)
10:34a, (19.562,67.2116)
10:35b, (21.25,70.36160000000001)
10:35a, (19.562,67.2116)
10:36b, (21.25,70.25)
10:36a, (19.5,67.1)
10:37b, (21.312,70.36160000000001)
10:37a, (19.375,66.875)
10:38b, (21.25,70.25)
10:38a, (19.25,66.7616)
10:40b, (21.25,70.25)
10:40a, (19.312,66.5366)
10:41b, (21.187,70.1366)
10:41a, (19.125,66.5366)
10:42b, (21.187,70.1366)
10:42a, (19.187,66.65)
10:43b, (21.187,70.1366)
10:43a, (19.187,66.65)
10:44b, (21.125,70.1366)
10:44a, (19.375,66.875)
10:45b, (21.187,70.1366)
10:45a, (19.562,67.2116)
10:46b, (21.187,70.1366)
10:46a, (19.687,67.55)
10:47b, (21.187,70.1366)
10:47a, (19.75,67.55)
10:48b, (21.187,70.1366)
10:48a, (19.562,67.325)
10:49b, (21.187,70.1366)
10:49a, (19.625,67.325)
10:50b, (21.25,70.36160000000001)
10:50a, (19.625,67.325)
10:51b, (21.25,70.36160000000001)
10:51a, (19.5,67.2116)
10:52b, (21.312,70.36160000000001)
10:52a, (19.437,66.98660000000001)
10:53b, (21.25,70.25)
10:53a, (19.375,66.875)
10:54b, (21.25,70.36160000000001)
10:54a, (19.312,66.7616)
10:55b, (21.187,70.1366)
10:55a, (19.25,66.65)
10:56b, (21.187,70.1366)
10:56a, (19.187,66.5366)
10:58b, (21.187,70.1366)
10:58a, (19.187,66.65)
10:59b, (21.187,70.1366)
10:59a, (19.25,66.65)
11:0b, (21.125,70.1366)
11:0a, (19.25,66.65)
11:1b, (21.125,70.1366)
11:1a, (19.437,66.98660000000001)
11:2b, (21.187,70.1366)
11:2a, (19.562,67.325)
11:3b, (21.125,70.1366)
11:3a, (19.625,67.325)
11:4b, (21.125,70.1366)
11:4a, (19.562,67.2116)
11:5b, (21.187,70.1366)
11:5a, (19.562,67.2116)
11:6b, (21.187,70.1366)
11:6a, (19.625,67.4366)
11:7b, (21.187,70.1366)
11:7a, (19.625,67.4366)
11:8b, (21.187,70.25)
11:8a, (19.625,67.325)
11:9b, (21.25,70.25)
11:9a, (19.562,67.2116)
11:10b, (21.25,70.36160000000001)
11:10a, (19.375,66.98660000000001)
11:11b, (21.25,70.25)
11:11a, (19.312,66.875)
11:12b, (21.187,70.25)
11:12a, (19.312,66.875)
11:13b, (21.187,70.1366)
11:13a, (19.312,66.7616)
11:15b, (21.125,70.1366)
11:15a, (19.312,66.7616)
11:16b, (21.125,70.025)
11:16a, (19.312,66.875)
11:17b, (21.125,70.025)
11:17a, (19.312,66.7616)
11:18b, (21.125,70.1366)
11:18a, (19.437,66.98660000000001)
11:19b, (21.25,70.36160000000001)
11:19a, (19.687,67.55)
11:20b, (21.25,70.25)
11:20a, (19.875,67.775)
11:21b, (21.187,70.1366)
11:21a, (19.875,67.775)
11:22b, (21.187,70.1366)
11:22a, (19.937,67.8866)
11:23b, (21.187,70.1366)
11:23a, (19.937,68.0)
11:24b, (21.187,70.25)
11:24a, (19.812,67.6616)
11:25b, (21.25,70.25)
11:25a, (19.812,67.6616)
11:26b, (21.25,70.25)
11:26a, (19.75,67.55)
11:27b, (21.25,70.36160000000001)
11:27a, (19.625,67.325)
11:28b, (21.25,70.25)
11:28a, (19.5,67.2116)
11:29b, (21.25,70.36160000000001)
11:29a, (19.437,66.98660000000001)
11:30b, (21.187,70.25)
11:30a, (19.312,66.875)
11:31b, (21.187,70.1366)
11:31a, (19.312,66.7616)
11:33b, (21.187,70.1366)
11:33a, (19.312,66.7616)
11:34b, (21.125,70.025)
11:34a, (19.312,66.875)
11:35b, (21.125,70.025)
11:35a, (19.437,66.98660000000001)
11:36b, (21.187,70.1366)
11:36a, (19.562,67.2116)
11:37b, (21.125,70.1366)
11:37a, (19.75,67.55)
11:38b, (21.125,70.1366)
11:38a, (19.812,67.6616)
11:39b, (21.125,70.025)
11:39a, (19.75,67.55)
11:40b, (21.125,70.025)
11:40a, (19.812,67.6616)
11:41b, (21.125,70.025)
11:41a, (19.812,67.775)
11:42b, (21.125,70.1366)
11:42a, (19.875,67.775)
11:43b, (21.125,70.1366)
11:43a, (19.75,67.6616)
11:44b, (21.125,70.1366)
11:44a, (19.687,67.55)
11:45b, (21.187,70.1366)
11:45a, (19.75,67.55)
11:46b, (21.125,70.1366)
11:46a, (19.625,67.4366)
11:47b, (21.125,70.1366)
11:47a, (19.562,67.2116)
11:48b, (21.125,70.1366)
11:48a, (19.437,67.1)
11:49b, (21.062,70.025)
11:49a, (19.375,66.98660000000001)
11:51b, (21.062,70.025)
11:51a, (19.437,66.98660000000001)
11:52b, (21.125,70.1366)
11:52a, (19.5,67.2116)
11:53b, (21.125,70.025)
11:53a, (19.75,67.6616)
11:54b, (21.125,70.025)
11:54a, (19.812,68.0)
11:55b, (21.125,70.025)
11:55a, (20.062,68.225)
11:56b, (21.125,70.025)
11:56a, (20.0,68.11160000000001)
11:57b, (21.125,70.025)
11:57a, (20.062,68.225)
11:58b, (21.125,70.025)
11:58a, (20.062,68.11160000000001)
11:59b, (21.125,70.025)
11:59a, (19.937,67.8866)
12:0b, (21.125,70.025)
12:0a, (19.812,67.6616)
12:1b, (21.125,70.025)
12:1a, (19.812,67.6616)
12:2b, (21.125,70.1366)
12:2a, (19.75,67.55)
12:3b, (21.125,70.025)
12:3a, (19.687,67.55)
12:4b, (21.187,70.1366)
12:4a, (19.625,67.4366)
12:5b, (21.125,70.1366)
12:5a, (19.687,67.4366)
12:6b, (21.062,69.9116)
12:6a, (19.687,67.4366)
12:8b, (21.125,70.025)
12:8a, (19.687,67.4366)
12:9b, (21.125,70.1366)
12:9a, (19.687,67.55)
12:10b, (21.125,70.1366)
12:10a, (19.937,67.8866)
12:11b, (21.125,70.025)
12:11a, (20.062,68.225)
12:12b, (21.125,70.025)
12:12a, (20.062,68.225)
12:13b, (21.125,70.1366)
12:13a, (20.125,68.225)
12:14b, (21.125,70.1366)
12:14a, (20.187,68.3366)
12:15b, (21.187,70.1366)
12:15a, (20.187,68.45)
12:16b, (21.187,70.25)
12:16a, (20.312,68.5616)
12:17b, (21.25,70.36160000000001)
12:17a, (20.25,68.45)
12:18b, (21.25,70.36160000000001)
12:18a, (20.25,68.45)
12:19b, (21.25,70.25)
12:19a, (20.187,68.3366)
12:20b, (21.25,70.25)
12:20a, (20.187,68.45)
12:21b, (21.187,70.25)
12:21a, (20.187,68.3366)
12:22b, (21.187,70.25)
12:22a, (20.187,68.11160000000001)
12:23b, (21.187,70.1366)
12:23a, (20.062,68.11160000000001)
12:24b, (21.187,70.1366)
12:24a, (20.0,68.11160000000001)
12:26b, (21.25,70.25)
12:26a, (20.125,68.225)
12:27b, (21.187,70.1366)
12:27a, (20.25,68.5616)
12:28b, (21.187,70.1366)
12:28a, (20.437,68.7866)
12:29b, (21.187,70.25)
12:29a, (20.437,68.7866)
12:30b, (21.187,70.1366)
12:30a, (20.5,69.0116)
12:31b, (21.187,70.25)
12:31a, (20.687,69.23660000000001)
12:32b, (21.312,70.36160000000001)
12:32a, (20.687,69.23660000000001)
12:33b, (21.375,70.475)
12:33a, (20.5,68.9)
12:34b, (21.312,70.475)
12:34a, (20.375,68.7866)
12:35b, (21.312,70.475)
12:35a, (20.312,68.5616)
12:36b, (21.312,70.475)
12:36a, (20.187,68.3366)
12:37b, (21.312,70.36160000000001)
12:37a, (20.125,68.225)
12:38b, (21.312,70.36160000000001)
12:38a, (20.0,68.11160000000001)
12:39b, (21.25,70.36160000000001)
12:39a, (19.937,67.8866)
12:40b, (21.25,70.25)
12:40a, (19.875,67.8866)
12:41b, (21.187,70.25)
12:41a, (19.875,67.8866)
12:42b, (21.187,70.1366)
12:42a, (19.875,67.8866)
12:44b, (21.312,70.475)
12:44a, (20.062,68.11160000000001)
12:45b, (21.25,70.25)
12:45a, (20.312,68.5616)
12:46b, (21.25,70.25)
12:46a, (20.25,68.5616)
12:47b, (21.187,70.25)
12:47a, (20.25,68.5616)
12:48b, (21.187,70.25)
12:48a, (20.312,68.5616)
12:49b, (21.187,70.25)
12:49a, (20.312,68.5616)
12:50b, (21.187,70.25)
12:50a, (20.312,68.5616)
12:51b, (21.187,70.25)
12:51a, (20.25,68.5616)
12:52b, (21.25,70.36160000000001)
12:52a, (20.25,68.5616)
12:53b, (21.25,70.25)
12:53a, (20.125,68.3366)
12:54b, (21.25,70.36160000000001)
12:54a, (20.062,68.11160000000001)
12:55b, (21.25,70.36160000000001)
12:55a, (20.062,68.11160000000001)
12:56b, (21.25,70.25)
12:56a, (20.062,68.11160000000001)
12:57b, (21.187,70.25)
12:57a, (20.062,68.225)
12:58b, (21.187,70.1366)
12:58a, (20.125,68.225)
12:59b, (21.187,70.25)
12:59a, (20.0,68.0)
13:1b, (21.187,70.1366)
13:1a, (20.0,68.0)
13:2b, (21.312,70.36160000000001)
13:2a, (20.187,68.45)
13:3b, (21.25,70.25)
13:3a, (20.437,68.7866)
13:4b, (21.187,70.25)
13:4a, (20.562,69.0116)
13:5b, (21.25,70.25)
13:5a, (20.562,69.0116)
13:6b, (21.25,70.25)
13:6a, (20.562,69.0116)
13:7b, (21.187,70.25)
13:7a, (20.562,69.0116)
13:8b, (21.187,70.25)
13:8a, (20.562,69.0116)
13:9b, (21.25,70.25)
13:9a, (20.562,69.0116)
13:10b, (21.25,70.25)
13:10a, (20.562,69.0116)
13:11b, (21.25,70.36160000000001)
13:11a, (20.625,69.125)
13:12b, (21.25,70.25)
13:12a, (20.625,69.23660000000001)
13:13b, (21.25,70.25)
13:13a, (20.625,69.125)
13:14b, (21.25,70.25)
13:14a, (20.625,69.125)
13:15b, (21.25,70.25)
13:15a, (20.625,69.23660000000001)
13:16b, (21.187,70.25)
13:16a, (20.687,69.35)
13:18b, (21.187,70.25)
13:18a, (20.75,69.4616)
13:19b, (21.25,70.1366)
13:19a, (20.687,69.35)
13:20b, (21.312,70.475)
13:20a, (20.75,69.4616)
13:21b, (21.312,70.36160000000001)
13:21a, (21.062,69.9116)
13:22b, (21.312,70.36160000000001)
13:22a, (21.25,70.25)
13:23b, (21.312,70.36160000000001)
13:23a, (21.25,70.36160000000001)
13:24b, (21.312,70.36160000000001)
13:24a, (21.25,70.36160000000001)
13:25b, (21.375,70.475)
13:25a, (21.187,70.1366)
13:26b, (21.375,70.475)
13:26a, (21.187,70.1366)
13:27b, (21.437,70.7)
13:27a, (21.0,69.8)
13:28b, (21.437,70.5866)
13:28a, (20.875,69.6866)
13:29b, (21.375,70.475)
13:29a, (20.812,69.4616)
13:30b, (21.375,70.475)
13:30a, (20.687,69.35)
13:31b, (21.312,70.475)
13:31a, (20.625,69.23660000000001)
13:32b, (21.375,70.475)
13:32a, (20.562,69.125)
13:33b, (21.312,70.475)
13:33a, (20.687,69.23660000000001)
13:34b, (21.375,70.36160000000001)
13:34a, (20.75,69.35)
13:36b, (21.312,70.36160000000001)
13:36a, (20.75,69.4616)
13:37b, (21.312,70.36160000000001)
13:37a, (20.75,69.35)
13:38b, (21.312,70.475)
13:38a, (20.75,69.35)
13:39b, (21.375,70.5866)
13:39a, (20.75,69.575)
13:40b, (21.375,70.475)
13:40a, (21.062,70.025)
13:41b, (21.375,70.475)
13:41a, (21.125,70.1366)
13:42b, (21.375,70.5866)
13:42a, (21.25,70.36160000000001)
13:43b, (21.375,70.475)
13:43a, (21.375,70.475)
13:44b, (21.437,70.5866)
13:44a, (21.375,70.5866)
13:45b, (21.437,70.7)
13:45a, (21.375,70.5866)
13:46b, (21.437,70.7)
13:46a, (21.437,70.7)
13:47b, (21.5,70.7)
13:47a, (21.375,70.5866)
13:48b, (21.437,70.5866)
13:48a, (21.375,70.475)
13:49b, (21.437,70.7)
13:49a, (21.25,70.36160000000001)
13:50b, (21.437,70.7)
13:50a, (21.25,70.25)
13:51b, (21.437,70.7)
13:51a, (21.25,70.25)
13:52b, (21.437,70.5866)
13:52a, (21.25,70.25)
13:54b, (21.437,70.5866)
13:54a, (21.187,70.25)
13:55b, (21.437,70.5866)
13:55a, (21.312,70.36160000000001)
13:56b, (21.375,70.5866)
13:56a, (21.312,70.36160000000001)
13:57b, (21.437,70.5866)
13:57a, (21.375,70.475)
13:58b, (21.437,70.5866)
13:58a, (21.375,70.5866)
13:59b, (21.437,70.7)
13:59a, (21.437,70.5866)
14:0b, (21.5,70.5866)
14:0a, (21.5,70.8116)
14:1b, (21.437,70.5866)
14:1a, (21.625,70.925)
14:2b, (21.437,70.5866)
14:2a, (21.875,71.48660000000001)
14:3b, (21.437,70.7)
14:3a, (22.25,72.05)
14:4b, (21.437,70.7)
14:4a, (22.375,72.275)
14:5b, (21.5,70.7)
14:5a, (22.312,72.275)
14:6b, (21.5,70.7)
14:6a, (22.25,72.05)
14:7b, (21.5,70.8116)
14:7a, (22.187,71.9366)
14:8b, (21.562,70.925)
14:8a, (22.062,71.7116)
14:9b, (21.562,70.8116)
14:9a, (21.812,71.2616)
14:10b, (21.562,70.8116)
14:10a, (21.687,71.15)
14:12b, (21.562,70.8116)
14:12a, (21.625,70.925)
14:13b, (21.5,70.8116)
14:13a, (21.562,70.8116)
14:14b, (21.5,70.8116)
14:14a, (21.5,70.7)
14:15b, (21.5,70.7)
14:15a, (21.5,70.7)
14:16b, (21.5,70.7)
14:16a, (21.5,70.475)
14:17b, (21.5,70.7)
14:17a, (21.312,70.36160000000001)
14:18b, (21.437,70.5866)
14:18a, (21.312,70.36160000000001)
14:19b, (21.437,70.5866)
14:19a, (21.312,70.36160000000001)
14:20b, (21.437,70.5866)
14:20a, (21.25,70.36160000000001)
14:21b, (21.5,70.7)
14:21a, (21.375,70.475)
14:22b, (21.437,70.7)
14:22a, (21.5,70.7)
14:23b, (21.5,70.7)
14:23a, (21.625,71.0366)
14:24b, (21.5,70.7)
14:24a, (21.75,71.2616)
14:25b, (21.5,70.7)
14:25a, (21.875,71.48660000000001)
14:26b, (21.5,70.7)
14:26a, (21.875,71.375)
14:27b, (21.5,70.7)
14:27a, (21.937,71.48660000000001)
14:29b, (21.625,70.925)
14:29a, (21.875,71.375)
14:30b, (21.625,70.8116)
14:30a, (22.062,71.7116)
14:31b, (21.562,70.8116)
14:31a, (22.187,72.05)
14:32b, (21.625,70.925)
14:32a, (22.187,72.05)
14:33b, (21.625,70.925)
14:33a, (22.125,71.9366)
14:34b, (21.625,71.0366)
14:34a, (22.312,72.275)
14:35b, (21.625,71.0366)
14:35a, (22.375,72.61160000000001)
14:36b, (21.625,70.925)
14:36a, (22.437,72.3866)
14:37b, (21.625,71.0366)
14:37a, (22.312,72.1616)
14:38b, (21.625,71.0366)
14:38a, (22.312,72.1616)
14:39b, (21.625,70.925)
14:39a, (22.062,71.825)
14:40b, (21.625,70.925)
14:40a, (21.937,71.48660000000001)
14:41b, (21.625,70.925)
14:41a, (21.875,71.48660000000001)
14:42b, (21.625,70.925)
14:42a, (21.937,71.48660000000001)
14:43b, (21.625,71.0366)
14:43a, (22.0,71.6)
14:44b, (21.625,70.925)
14:44a, (22.125,71.825)
14:45b, (21.625,70.925)
14:45a, (22.25,72.05)
14:47b, (21.625,71.0366)
14:47a, (22.312,72.275)
14:48b, (21.625,71.0366)
14:48a, (22.437,72.3866)
14:49b, (21.687,71.0366)
14:49a, (22.437,72.3866)
14:50b, (21.687,71.0366)
14:50a, (22.437,72.5)
14:51b, (21.687,71.15)
14:51a, (22.437,72.5)
14:52b, (21.75,71.15)
14:52a, (22.75,73.0616)
14:53b, (21.687,71.15)
14:53a, (22.75,72.95)
14:54b, (21.687,71.15)
14:54a, (22.5,72.61160000000001)
14:55b, (21.687,71.15)
14:55a, (22.312,72.1616)
14:56b, (21.687,71.15)
14:56a, (22.187,71.9366)
14:57b, (21.687,71.15)
14:57a, (22.062,71.7116)
14:58b, (21.687,71.0366)
14:58a, (22.0,71.6)
14:59b, (21.625,71.0366)
14:59a, (21.937,71.6)
15:0b, (21.625,71.0366)
15:0a, (22.0,71.7116)
15:1b, (21.625,71.0366)
15:1a, (22.125,71.825)
15:2b, (21.687,71.0366)
15:2a, (22.125,71.9366)
15:4b, (21.687,71.0366)
15:4a, (22.187,72.3866)
15:5b, (21.687,71.15)
15:5a, (22.625,72.725)
15:6b, (21.75,71.15)
15:6a, (22.625,72.725)
15:7b, (21.75,71.15)
15:7a, (22.75,72.8366)
15:8b, (21.75,71.15)
15:8a, (22.812,73.0616)
15:9b, (21.75,71.15)
15:9a, (22.812,73.0616)
15:10b, (21.812,71.2616)
15:10a, (22.75,73.0616)
15:11b, (21.812,71.2616)
15:11a, (22.687,72.8366)
15:12b, (21.875,71.375)
15:12a, (22.562,72.61160000000001)
15:13b, (21.875,71.375)
15:13a, (22.437,72.5)
15:14b, (21.875,71.375)
15:14a, (22.437,72.5)
15:15b, (21.812,71.375)
15:15a, (22.5,72.5)
15:16b, (21.812,71.2616)
15:16a, (22.5,72.5)
15:17b, (21.812,71.2616)
15:17a, (22.437,72.3866)
15:18b, (21.75,71.15)
15:18a, (22.25,72.05)
15:19b, (21.75,71.15)
15:19a, (22.125,71.9366)
15:20b, (21.75,71.15)
15:20a, (22.125,71.825)
15:22b, (21.687,71.15)
15:22a, (22.062,71.7116)
15:23b, (21.75,71.15)
15:23a, (22.312,72.275)
15:24b, (21.75,71.15)
15:24a, (22.625,72.725)
15:25b, (21.75,71.15)
15:25a, (22.812,73.0616)
15:26b, (21.812,71.2616)
15:26a, (23.312,74.075)
15:27b, (21.875,71.48660000000001)
15:27a, (23.875,74.975)
15:28b, (21.937,71.48660000000001)
15:28a, (24.0,75.3116)
15:29b, (21.937,71.48660000000001)
15:29a, (24.187,75.65)
15:30b, (21.937,71.6)
15:30a, (24.062,75.3116)
15:31b, (22.0,71.6)
15:31a, (24.187,75.65)
15:32b, (22.0,71.7116)
15:32a, (24.25,75.65)
15:33b, (22.0,71.7116)
15:33a, (24.125,75.425)
15:34b, (22.062,71.7116)
15:34a, (24.125,75.5366)
15:35b, (22.062,71.825)
15:35a, (23.937,75.2)
15:36b, (22.062,71.825)
15:36a, (23.812,74.975)
15:37b, (22.062,71.825)
15:37a, (23.562,74.525)
15:39b, (22.062,71.7116)
15:39a, (23.625,74.525)
15:40b, (22.125,71.825)
15:40a, (24.0,75.2)
15:41b, (22.125,71.825)
15:41a, (24.25,75.65)
15:42b, (22.125,71.825)
15:42a, (23.937,75.0866)
15:43b, (22.062,71.825)
15:43a, (23.687,74.75)
15:44b, (22.062,71.7116)
15:44a, (23.562,74.4116)
15:45b, (22.062,71.7116)
15:45a, (23.625,74.525)
15:46b, (22.062,71.825)
15:46a, (23.937,75.0866)
15:47b, (22.062,71.825)
15:47a, (24.125,75.425)
15:48b, (22.062,71.825)
15:48a, (24.5,76.1)
15:49b, (22.125,71.825)
15:49a, (24.25,75.65)
15:50b, (22.125,71.9366)
15:50a, (24.312,75.875)
15:51b, (22.125,71.9366)
15:51a, (24.312,75.7616)
15:52b, (22.125,71.9366)
15:52a, (24.437,75.98660000000001)
15:53b, (22.125,71.9366)
15:53a, (24.187,75.65)
15:54b, (22.125,71.9366)
15:54a, (24.125,75.425)
15:55b, (22.125,71.825)
15:55a, (23.937,75.2)
15:57b, (22.125,71.825)
15:57a, (23.812,74.86160000000001)
15:58b, (22.125,71.825)
15:58a, (23.625,74.6366)
15:59b, (22.125,71.825)
15:59a, (23.562,74.4116)
16:0b, (22.062,71.825)
16:0a, (23.312,74.075)
16:1b, (22.062,71.7116)
16:1a, (23.125,73.625)
16:2b, (22.062,71.7116)
16:2a, (23.062,73.5116)
16:3b, (22.0,71.7116)
16:3a, (23.0,73.4)
16:4b, (22.0,71.7116)
16:4a, (22.937,73.2866)
16:5b, (22.0,71.6)
16:5a, (22.812,73.0616)
16:6b, (21.937,71.6)
16:6a, (22.75,72.95)
16:7b, (21.937,71.6)
16:7a, (22.687,72.95)
16:8b, (21.937,71.48660000000001)
16:8a, (22.812,73.0616)
16:9b, (21.937,71.48660000000001)
16:9a, (22.875,73.175)
16:10b, (22.0,71.48660000000001)
16:10a, (23.0,73.4)
16:11b, (21.937,71.6)
16:11a, (23.125,73.73660000000001)
16:12b, (21.937,71.6)
16:12a, (23.312,73.9616)
16:13b, (22.0,71.6)
16:13a, (23.562,74.4116)
16:15b, (22.0,71.6)
16:15a, (23.437,74.3)
16:16b, (22.0,71.7116)
16:16a, (23.375,74.075)
16:17b, (22.0,71.6)
16:17a, (23.25,73.85)
16:18b, (22.0,71.6)
16:18a, (23.125,73.625)
16:19b, (21.937,71.6)
16:19a, (23.0,73.4)
16:20b, (22.0,71.6)
16:20a, (22.937,73.4)
16:21b, (21.937,71.6)
16:21a, (22.812,73.0616)
16:22b, (21.937,71.6)
16:22a, (22.625,72.725)
16:23b, (21.937,71.48660000000001)
16:23a, (22.5,72.5)
16:24b, (21.875,71.48660000000001)
16:24a, (22.437,72.3866)
16:25b, (21.875,71.375)
16:25a, (22.812,73.175)
16:26b, (21.875,71.375)
16:26a, (23.0,73.4)
16:27b, (21.875,71.375)
16:27a, (22.687,72.95)
16:28b, (21.875,71.375)
16:28a, (22.687,72.95)
16:29b, (21.875,71.375)
16:29a, (22.625,72.725)
16:30b, (21.875,71.375)
16:30a, (22.562,72.725)
16:32b, (21.875,71.375)
16:32a, (22.625,72.725)
16:33b, (21.875,71.375)
16:33a, (22.687,72.95)
16:34b, (21.875,71.48660000000001)
16:34a, (23.0,73.5116)
16:35b, (21.875,71.48660000000001)
16:35a, (23.0,73.5116)
16:36b, (21.875,71.48660000000001)
16:36a, (23.125,73.73660000000001)
16:37b, (21.937,71.48660000000001)
16:37a, (23.187,73.85)
16:38b, (21.937,71.48660000000001)
16:38a, (22.812,73.0616)
16:39b, (21.937,71.6)
16:39a, (22.5,72.61160000000001)
16:40b, (22.0,71.6)
16:40a, (22.312,72.275)
16:41b, (21.937,71.48660000000001)
16:41a, (22.187,72.05)
16:42b, (21.875,71.48660000000001)
16:42a, (22.125,71.825)
16:43b, (21.875,71.48660000000001)
16:43a, (22.0,71.7116)
16:44b, (21.875,71.375)
16:44a, (21.937,71.6)
16:45b, (21.812,71.2616)
16:45a, (21.937,71.6)
16:46b, (21.812,71.375)
16:46a, (21.875,71.48660000000001)
16:47b, (21.812,71.2616)
16:47a, (21.875,71.375)
16:48b, (21.812,71.2616)
16:48a, (21.875,71.48660000000001)
16:50b, (21.812,71.2616)
16:50a, (22.437,72.3866)
16:51b, (21.812,71.2616)
16:51a, (22.312,72.275)
16:52b, (21.75,71.2616)
16:52a, (22.312,72.1616)
16:53b, (21.812,71.2616)
16:53a, (22.875,73.2866)
16:54b, (21.812,71.2616)
16:54a, (23.062,73.5116)
16:55b, (21.812,71.2616)
16:55a, (22.75,73.0616)
16:56b, (21.75,71.2616)
16:56a, (22.75,72.95)
16:57b, (21.812,71.2616)
16:57a, (22.375,72.275)
16:58b, (21.812,71.2616)
16:58a, (22.062,71.825)
16:59b, (21.875,71.375)
16:59a, (21.937,71.6)
17:0b, (21.875,71.375)
17:0a, (21.875,71.375)
17:1b, (21.812,71.2616)
17:1a, (21.812,71.375)
17:2b, (21.75,71.2616)
17:2a, (21.875,71.375)
17:3b, (21.75,71.2616)
17:3a, (21.812,71.2616)
17:4b, (21.75,71.15)
17:4a, (21.75,71.2616)
17:5b, (21.687,71.15)
17:5a, (21.625,71.0366)
17:6b, (21.687,71.15)
17:6a, (21.5,70.7)
17:8b, (21.687,71.0366)
17:8a, (21.375,70.5866)
17:9b, (21.687,71.0366)
17:9a, (21.312,70.475)
17:10b, (21.687,71.0366)
17:10a, (21.312,70.36160000000001)
17:11b, (21.625,71.0366)
17:11a, (21.187,70.25)
17:12b, (21.625,71.0366)
17:12a, (21.25,70.25)
17:13b, (21.687,71.0366)
17:13a, (21.312,70.36160000000001)
17:14b, (21.687,71.0366)
17:14a, (21.312,70.36160000000001)
17:15b, (21.687,71.0366)
17:15a, (21.312,70.475)
17:16b, (21.625,71.0366)
17:16a, (21.312,70.36160000000001)
17:17b, (21.687,71.0366)
17:17a, (21.25,70.36160000000001)
17:18b, (21.625,71.0366)
17:18a, (21.25,70.25)
17:19b, (21.687,71.0366)
17:19a, (21.187,70.1366)
17:20b, (21.75,71.15)
17:20a, (21.125,70.025)
17:21b, (21.75,71.15)
17:21a, (21.062,69.9116)
17:22b, (21.75,71.15)
17:22a, (20.937,69.8)
17:23b, (21.687,71.0366)
17:23a, (20.875,69.575)
17:24b, (21.625,71.0366)
17:24a, (20.812,69.4616)
17:26b, (21.625,71.0366)
17:26a, (20.75,69.35)
17:27b, (21.625,70.925)
17:27a, (20.687,69.23660000000001)
17:28b, (21.562,70.925)
17:28a, (20.687,69.35)
17:29b, (21.562,70.8116)
17:29a, (20.75,69.35)
17:30b, (21.5,70.8116)
17:30a, (20.937,69.6866)
17:31b, (21.5,70.8116)
17:31a, (20.875,69.6866)
17:32b, (21.562,70.8116)
17:32a, (21.0,69.8)
17:33b, (21.562,70.8116)
17:33a, (21.687,71.15)
17:34b, (21.625,70.8116)
17:34a, (21.687,71.0366)
17:35b, (21.562,70.925)
17:35a, (21.437,70.5866)
17:36b, (21.562,70.925)
17:36a, (21.375,70.475)
17:37b, (21.625,70.925)
17:37a, (21.375,70.475)
17:38b, (21.687,71.0366)
17:38a, (21.25,70.25)
17:39b, (21.687,71.15)
17:39a, (21.062,70.025)
17:40b, (21.687,71.15)
17:40a, (20.937,69.6866)
17:41b, (21.687,71.0366)
17:41a, (20.75,69.4616)
17:43b, (21.687,71.0366)
17:43a, (20.687,69.35)
17:44b, (21.625,71.0366)
17:44a, (20.562,69.125)
17:45b, (21.625,70.925)
17:45a, (20.5,68.9)
17:46b, (21.562,70.925)
17:46a, (20.437,68.7866)
17:47b, (21.562,70.925)
17:47a, (20.375,68.7866)
17:48b, (21.5,70.8116)
17:48a, (20.312,68.675)
17:49b, (21.5,70.7)
17:49a, (20.312,68.675)
17:50b, (21.5,70.7)
17:50a, (20.312,68.675)
17:51b, (21.5,70.8116)
17:51a, (20.5,68.9)
17:52b, (21.5,70.8116)
17:52a, (20.625,69.23660000000001)
17:53b, (21.5,70.8116)
17:53a, (20.562,69.125)
17:54b, (21.5,70.8116)
17:54a, (20.562,69.125)
17:55b, (21.5,70.8116)
17:55a, (20.562,69.125)
17:56b, (21.5,70.8116)
17:56a, (20.562,69.0116)
17:57b, (21.562,70.8116)
17:57a, (20.562,69.125)
17:58b, (21.625,71.0366)
17:58a, (20.5,68.9)
17:59b, (21.625,71.0366)
17:59a, (20.375,68.675)
18:1b, (21.625,71.0366)
18:1a, (20.375,68.45)
18:2b, (21.625,70.925)
18:2a, (20.187,68.3366)
18:3b, (21.562,70.925)
18:3a, (20.125,68.3366)
18:4b, (21.562,70.8116)
18:4a, (20.062,68.11160000000001)
18:5b, (21.5,70.7)
18:5a, (20.062,68.11160000000001)
18:6b, (21.5,70.7)
18:6a, (20.062,68.11160000000001)
18:7b, (21.437,70.7)
18:7a, (20.062,68.11160000000001)
18:8b, (21.437,70.7)
18:8a, (20.0,68.11160000000001)
18:9b, (21.437,70.7)
18:9a, (20.125,68.225)
18:10b, (21.437,70.7)
18:10a, (20.125,68.45)
18:11b, (21.437,70.5866)
18:11a, (20.312,68.675)
18:12b, (21.437,70.7)
18:12a, (20.375,68.675)
18:13b, (21.437,70.7)
18:13a, (20.375,68.675)
18:14b, (21.5,70.7)
18:14a, (20.437,68.7866)
18:15b, (21.437,70.7)
18:15a, (20.437,68.7866)
18:16b, (21.5,70.8116)
18:16a, (20.312,68.5616)
18:18b, (21.5,70.8116)
18:18a, (20.187,68.45)
18:19b, (21.5,70.7)
18:19a, (20.25,68.3366)
18:20b, (21.5,70.7)
18:20a, (20.062,68.11160000000001)
18:21b, (21.5,70.7)
18:21a, (20.0,68.0)
18:22b, (21.437,70.5866)
18:22a, (20.0,68.0)
18:23b, (21.437,70.5866)
18:23a, (19.875,67.8866)
18:24b, (21.375,70.5866)
18:24a, (19.812,67.775)
18:25b, (21.375,70.5866)
18:25a, (19.875,67.775)
18:26b, (21.375,70.5866)
18:26a, (19.937,67.8866)
18:27b, (21.437,70.5866)
18:27a, (20.062,68.11160000000001)
18:28b, (21.562,70.8116)
18:28a, (20.25,68.5616)
18:29b, (21.5,70.7)
18:29a, (20.437,68.7866)
18:30b, (21.5,70.7)
18:30a, (20.375,68.7866)
18:31b, (21.437,70.7)
18:31a, (20.375,68.7866)
18:32b, (21.5,70.8116)
18:32a, (20.437,68.7866)
18:33b, (21.562,70.925)
18:33a, (20.437,68.7866)
18:34b, (21.687,71.0366)
18:34a, (20.437,68.7866)
18:36b, (21.687,71.15)
18:36a, (20.375,68.7866)
18:37b, (21.687,71.0366)
18:37a, (20.312,68.675)
18:38b, (21.687,71.15)
18:38a, (20.25,68.45)
18:39b, (21.687,71.15)
18:39a, (20.187,68.3366)
18:40b, (21.687,71.0366)
18:40a, (20.125,68.225)
18:41b, (21.687,71.0366)
18:41a, (20.125,68.225)
18:42b, (21.687,71.0366)
18:42a, (20.0,68.0)
18:43b, (21.625,71.0366)
18:43a, (19.937,68.0)
18:44b, (21.687,71.0366)
18:44a, (19.875,67.8866)
18:45b, (21.625,71.0366)
18:45a, (19.875,67.775)
18:46b, (21.625,71.0366)
18:46a, (19.875,67.775)
18:47b, (21.625,71.0366)
18:47a, (19.875,67.775)
18:48b, (21.625,70.925)
18:48a, (19.937,68.0)
18:49b, (21.625,71.0366)
